image,gesture,left_shoulder_x,left_shoulder_y,right_shoulder_x,right_shoulder_y,left_elbow_x,left_elbow_y,right_elbow_x,right_elbow_y,left_wrist_x,left_wrist_y,right_wrist_x,right_wrist_y,left_hip_x,left_hip_y,right_hip_x,right_hip_y
images/chris_kill/frame_0000.jpg,9,0.61369514,0.64689535,-0.38552663,0.60745066,0.7946566,1.4121258,-0.33831924,1.2701241,0.8025243,2.1458,0.196697,0.97823215,0.44060183,2.027465,-0.1730937,2.0195765
images/chris_kill/frame_0001.jpg,9,0.60452527,0.660264,-0.39495587,0.6280559,0.8060333,1.4413078,-0.37883553,1.3044238,0.8060333,2.1901438,0.15314656,0.99039596,0.43525836,2.0693636,-0.18538767,2.0693636
images/chris_kill/frame_0002.jpg,9,0.60287094,0.6501778,-0.396626,0.6184617,0.78531843,1.4113617,-0.396626,1.3241423,0.78531843,2.164616,0.047594458,0.9514797,0.41249028,2.0298233,-0.198313,2.0298233
images/chris_kill/frame_0003.jpg,9,0.59047765,0.64676684,-0.4093979,0.6309923,0.7794303,1.411845,-0.43301696,1.3408585,0.77155733,2.1532612,-0.023619443,0.8833892,0.4172705,2.0270631,-0.19682574,2.0191753
images/chris_kill/frame_0004.jpg,9,0.57598174,0.64886355,-0.42398614,0.656874,0.7759752,1.425898,-0.4799843,1.3778341,0.7759752,2.1869104,-0.11199632,0.83310884,0.40798685,2.1068044,-0.21599321,2.0507295
images/chris_kill/frame_0005.jpg,9,0.5760002,0.63369673,-0.4239998,0.63369673,0.77600056,1.4278237,-0.52000004,1.3877162,0.77600056,2.1818426,-0.20800018,0.834234,0.40000024,2.1016276,-0.21600002,2.053499
images/chris_kill/frame_0006.jpg,9,0.56770915,0.65623695,-0.4317783,0.62422574,0.7596103,1.4245148,-0.54372096,1.4005061,0.7596103,2.1767864,-0.31983566,0.83230066,0.38380313,2.096758,-0.23188081,2.0807517
images/chris_kill/frame_0007.jpg,9,0.58100885,0.6720226,-0.41734415,0.61465454,0.7610397,1.4669758,-0.5564589,1.4096081,0.7692231,2.237343,-0.38461113,0.8605164,0.38461155,2.1635847,-0.23731337,2.1635847
images/chris_kill/frame_0008.jpg,9,0.56758463,0.66567296,-0.42974278,0.5926117,0.7621854,1.4531157,-0.5594765,1.404408,0.7621854,2.216205,-0.44595954,0.8280325,0.3810929,2.1512609,-0.24325062,2.1512609
images/chris_kill/frame_0009.jpg,9,0.5546496,0.667435,-0.44211194,0.5870211,0.73149383,1.4394083,-0.5546496,1.4233254,0.7475709,2.1952987,-0.5224959,0.771973,0.36976627,2.1148849,-0.24919029,2.098802
images/chris_kill/frame_0010.jpg,9,0.5610398,0.6702281,-0.43728146,0.61230713,0.7673049,1.4728471,-0.5692912,1.456298,0.77555543,2.2754657,-0.5445391,0.76952136,0.37952718,2.1596236,-0.24751788,2.1348014
images/chris_kill/frame_0011.jpg,9,0.55137235,0.6646419,-0.44596332,0.59169316,0.74597466,1.4427594,-0.5675898,1.4346538,0.75408274,2.2046654,-0.5351562,0.7619068,0.37298754,2.1155064,-0.24325295,2.107401
images/chris_kill/frame_0012.jpg,9,0.5527948,0.6766308,-0.44553563,0.6188698,0.75081104,1.4687841,-0.56104505,1.435778,0.7755635,2.2526855,-0.47853875,0.8416626,0.37953106,2.17017,-0.2557705,2.1619182
images/chris_kill/frame_0013.jpg,9,0.5532462,0.6775977,-0.44589993,0.6362808,0.75968105,1.4791465,-0.54498893,1.4460931,0.7844532,2.2641683,-0.44589993,0.8593922,0.3798403,2.1815343,-0.24772274,2.1815343
images/chris_kill/frame_0014.jpg,9,0.5525536,0.6578351,-0.4469186,0.62534904,0.7475729,1.4537338,-0.53630257,1.421248,0.77195,2.2171474,-0.40628967,0.84462774,0.37378603,2.1278112,-0.24377397,2.1278112
images/chris_kill/frame_0015.jpg,9,0.54398304,0.6402938,-0.45598495,0.63228977,0.7439767,1.440661,-0.5359825,1.3846349,0.76797545,2.193005,-0.33598882,0.8323817,0.37598822,2.0969617,-0.24799196,2.0489392
images/chris_kill/frame_0016.jpg,9,0.54754996,0.6273513,-0.45232397,0.6432336,0.74593794,1.421467,-0.50787234,1.3579377,0.76974434,2.1758764,-0.24600078,0.83382154,0.37296876,2.048818,-0.24600078,2.0329356
images/chris_kill/frame_0017.jpg,9,0.5598389,0.6320652,-0.43987298,0.6560678,0.75978094,1.432148,-0.49585673,1.3761419,0.77577657,2.1922262,-0.18394682,0.84008664,0.35989642,2.0562122,-0.23993054,2.0482116
images/chris_kill/frame_0018.jpg,9,0.5645163,0.63724595,-0.4354837,0.63724595,0.78225833,1.4438866,-0.48387122,1.3793555,0.78225833,2.2101955,-0.09677424,0.8469729,0.38709697,2.0811327,-0.24193561,2.0730662
images/chris_kill/frame_0019.jpg,9,0.56799984,0.63972944,-0.43200016,0.63972944,0.76800025,1.4393907,-0.45600036,1.3594247,0.7760006,2.1990695,-0.04800042,0.9036177,0.37599978,2.1111064,-0.23200014,2.0631268
images/chris_kill/frame_0020.jpg,9,0.56798184,0.6418252,-0.43198597,0.63380235,0.77597547,1.4441067,-0.43998554,1.3077191,0.78397465,2.1982512,0.007999974,0.9386693,0.38398775,2.0698864,-0.23199274,2.0618637
images/chris_kill/frame_0021.jpg,9,0.5709789,0.6583407,-0.42823446,0.61868185,0.7692361,1.4197959,-0.4044437,1.2770227,0.7692361,2.1733181,0.118954085,0.9200911,0.38065258,2.0543408,-0.22204754,2.0543408
images/chris_kill/frame_0022.jpg,9,0.5789102,0.6576958,-0.42030466,0.61807567,0.77716726,1.4184043,-0.36479276,1.2678472,0.77716726,2.1632648,0.13481465,0.96673393,0.38858363,2.052328,-0.22204797,2.0444043
images/chris_kill/frame_0023.jpg,9,0.59456515,0.66547203,-0.4043045,0.61793816,0.77689856,1.4260117,-0.3488113,1.2279543,0.7689712,2.1707065,0.21404381,0.97444123,0.4043045,2.04395,-0.20611571,2.04395
images/chris_kill/frame_0024.jpg,9,0.6003876,0.6638497,-0.3976587,0.60137,0.76412934,1.4057997,-0.3118891,1.2105495,0.76412934,2.139939,0.2573092,0.9762498,0.3898621,2.0149794,-0.19493026,2.0071688
images/chris_kill/frame_0025.jpg,9,0.59607565,0.661003,-0.40275407,0.6126368,0.7893972,1.4348596,-0.3060931,1.2575173,0.7813421,2.192594,0.2577618,1.0318092,0.40275326,2.0636184,-0.20137703,2.0474963
images/chris_kill/frame_0026.jpg,9,0.6041347,0.6671733,-0.3947016,0.61894387,0.7894028,1.4388441,-0.31415024,1.2539647,0.78134763,2.1944385,0.3060947,1.0288942,0.41081145,2.0497499,-0.20137836,2.0497499
images/chris_kill/frame_0027.jpg,9,0.59493685,0.6363496,-0.40455678,0.60453194,0.77738446,1.4238324,-0.32523194,1.2567905,0.769452,2.1715436,0.26970494,1.0102049,0.3966247,2.0442734,-0.19831175,2.0442734
images/chris_kill/frame_0028.jpg,9,0.58353305,0.6559589,-0.41566673,0.61596125,0.7753789,1.4319103,-0.36770517,1.2719201,0.76738584,2.1918628,0.23980781,0.9999373,0.39968023,2.055871,-0.21582703,2.055871
images/chris_kill/frame_0029.jpg,9,0.57553935,0.65569633,-0.42366117,0.6157148,0.7673862,1.4393332,-0.4076737,1.2874037,0.7513991,2.1909852,0.15187857,0.99953705,0.3836929,2.0630443,-0.22382098,2.0550478
images/chris_kill/frame_0030.jpg,9,0.5643511,0.65213615,-0.4353572,0.62798256,0.76590496,1.4491911,-0.4353572,1.3042718,0.75784326,2.2059903,0.08062141,0.98222965,0.38698316,2.101327,-0.22574075,2.0610712
images/chris_kill/frame_0031.jpg,9,0.5586241,0.65155536,-0.4406053,0.6123051,0.7395867,1.4051619,-0.46420923,1.295261,0.7238507,2.150918,-0.015735947,0.9027575,0.36192557,2.017467,-0.24390677,2.017467
images/chris_kill/frame_0032.jpg,9,0.5509066,0.65530306,-0.4485946,0.62372214,0.7240483,1.4132439,-0.51155543,1.350082,0.7240483,2.1632893,-0.11805107,0.8763689,0.354154,2.0685468,-0.25184244,2.0211756
images/chris_kill/frame_0033.jpg,9,0.5312339,0.62740713,-0.46873537,0.6195647,0.7265408,1.4038236,-0.5546703,1.3410829,0.70310366,2.1410272,-0.26561674,0.886213,0.3437395,2.0547583,-0.26561674,1.9998602
images/chris_kill/frame_0034.jpg,9,0.55218565,0.66744787,-0.446621,0.6186099,0.73083454,1.4569896,-0.60090804,1.3918729,0.73083454,2.222113,-0.3248152,0.84651935,0.34105587,2.0837398,-0.27609283,2.0755994
images/chris_kill/frame_0035.jpg,9,0.5689933,0.69588953,-0.42674485,0.60366344,0.75307906,1.5007737,-0.6275661,1.4336998,0.76144636,2.2972734,-0.36817202,0.87195796,0.35980472,2.2050478,-0.27612868,2.154742
images/chris_kill/frame_0036.jpg,9,0.54439634,0.66635126,-0.44832608,0.54592603,0.72052467,1.4290426,-0.59243083,1.3808725,0.72052467,2.1837053,-0.4403202,0.81888926,0.34425077,2.1034217,-0.27219775,2.0552516
images/chris_kill/frame_0037.jpg,9,0.5247175,0.6600199,-0.46906608,0.5486911,0.7075734,1.415464,-0.59627014,1.3757037,0.72347426,2.162956,-0.51676774,0.7633964,0.333911,2.0913882,-0.2862098,2.0754838
images/chris_kill/frame_0038.jpg,9,0.5385642,0.6610791,-0.45818081,0.58045965,0.7154063,1.4269632,-0.60286975,1.4108394,0.7395208,2.2170334,-0.5385638,0.73363644,0.33760762,2.1041663,-0.27330083,2.0880425
images/chris_kill/frame_0039.jpg,9,0.5297191,0.6501846,-0.46646994,0.56296456,0.7115635,1.3955178,-0.5929703,1.3796598,0.7352823,2.1408513,-0.49018875,0.7691206,0.33996916,2.0694897,-0.28462598,2.0536313
images/chris_kill/frame_0040.jpg,9,0.5391704,0.662661,-0.4574775,0.580851,0.7434014,1.4480374,-0.60452425,1.4153134,0.7760783,2.2170515,-0.4574775,0.83446217,0.3594472,2.1352415,-0.2695852,2.1270604
images/chris_kill/frame_0041.jpg,9,0.5413641,0.66009396,-0.45807725,0.6266716,0.75790995,1.4873004,-0.6329795,1.4288116,0.79122454,2.2727292,-0.4247627,0.8689845,0.3664618,2.1975286,-0.2831754,2.1975286
images/chris_kill/frame_0042.jpg,9,0.5398832,0.66091967,-0.45930442,0.62061983,0.7413325,1.44274,-0.5882318,1.3782594,0.7735639,2.2003796,-0.35455072,0.83018,0.36260766,2.1278393,-0.2578556,2.0794792
images/chris_kill/frame_0043.jpg,9,0.52755934,0.6209815,-0.47244066,0.6209815,0.73228335,1.4070332,-0.55118114,1.3520099,0.76377946,2.1459224,-0.26771662,0.8332152,0.354331,2.0751774,-0.26771662,2.0201535
images/chris_kill/frame_0044.jpg,9,0.5315955,0.6264676,-0.4681215,0.6502576,0.7458205,1.4194643,-0.515727,1.3718842,0.78549236,2.1569507,-0.19835651,0.8326466,0.35704154,2.085582,-0.26183054,2.030072
images/chris_kill/frame_0045.jpg,9,0.53968245,0.6510016,-0.46031752,0.6510016,0.7539678,1.4210892,-0.5,1.3655156,0.79365075,2.1673589,-0.10317484,0.83359957,0.36507916,2.0959077,-0.25396866,2.0403345
images/chris_kill/frame_0046.jpg,9,0.55555505,0.63634527,-0.44444492,0.63634527,0.76984113,1.4238229,-0.46031776,1.3522339,0.80158716,2.1715286,-0.055556275,0.8988377,0.37301543,2.0840306,-0.23809549,2.036305
images/chris_kill/frame_0047.jpg,9,0.5555382,0.62733525,-0.4444303,0.6193942,0.7698169,1.4214306,-0.4444303,1.2943751,0.8015618,2.16788,0.023808656,0.9132096,0.37300432,2.0408251,-0.246024,2.032884
images/chris_kill/frame_0048.jpg,9,0.5519293,0.6334265,-0.44794205,0.61739063,0.7838992,1.4272145,-0.42394513,1.2909076,0.82389414,2.1809125,0.09598764,0.93811315,0.37595132,2.1087499,-0.24796833,2.1007318
images/chris_kill/frame_0049.jpg,9,0.555998,0.6619529,-0.44318715,0.62159,0.8057943,1.4288497,-0.3787238,1.2835429,0.83802634,2.187674,0.14504294,0.9929295,0.40289757,2.1150205,-0.23368046,2.106948
images/chris_kill/frame_0050.jpg,9,0.5745171,0.6386249,-0.42498556,0.607088,0.79488015,1.395514,-0.33841455,1.245713,0.8263602,2.1366339,0.23610291,0.96976364,0.39350513,2.0577917,-0.2203631,2.049907
images/chris_kill/frame_0051.jpg,9,0.58369863,0.63422334,-0.41578558,0.6021105,0.8075831,1.4209809,-0.31983504,1.2363338,0.83956647,2.167598,0.27185935,0.9954894,0.40778944,2.0471761,-0.21588914,2.0471761
images/chris_kill/frame_0052.jpg,9,0.5919243,0.6247079,-0.4079474,0.6086896,0.8158956,1.4256155,-0.31196004,1.2253886,0.8478914,2.1704597,0.27996424,1.0251617,0.41594645,2.074351,-0.19997458,2.0423143
images/chris_kill/frame_0053.jpg,9,0.59628934,0.6531376,-0.40289757,0.6128206,0.82191193,1.4433545,-0.32231805,1.2498318,0.8460861,2.1932535,0.3062029,1.048246,0.41901395,2.0642383,-0.20144878,2.0561748
images/chris_kill/frame_0054.jpg,9,0.58056885,0.63110584,-0.41930023,0.61492354,0.8063453,1.4402161,-0.33866528,1.2460295,0.83053625,2.2007797,0.24996738,1.0518429,0.3951093,2.079413,-0.22577685,2.079413
images/chris_kill/frame_0055.jpg,9,0.57583374,0.6409876,-0.42387736,0.61695033,0.79976875,1.4021602,-0.375891,1.2419133,0.82376194,2.18737,0.23993051,1.0095553,0.39988458,2.0591722,-0.20793961,2.0591722
images/chris_kill/frame_0056.jpg,9,0.5758343,0.6397878,-0.42387787,0.6157958,0.78377473,1.423528,-0.40788242,1.2715784,0.8077679,2.1832762,0.17594957,0.9996688,0.38388965,2.0553186,-0.23193325,2.0553186
images/chris_kill/frame_0057.jpg,9,0.56422156,0.65399426,-0.43525684,0.6216982,0.78185016,1.4533207,-0.45137763,1.2999146,0.8060309,2.2122765,0.104783915,1.0092503,0.3788349,2.0750186,-0.23374902,2.0750186
images/chris_kill/frame_0058.jpg,9,0.5518414,0.6395793,-0.447871,0.61559504,0.75978166,1.4390533,-0.4798618,1.3031427,0.77577686,2.1905584,0.0,0.9753581,0.35989666,2.0626433,-0.24792829,2.0546482
images/chris_kill/frame_0059.jpg,9,0.5559999,0.66865003,-0.44318855,0.6283701,0.7574497,1.4500846,-0.5237681,1.3453567,0.76550734,2.2073512,-0.0644635,0.9183872,0.370667,2.0784547,-0.24173877,2.0623422
images/chris_kill/frame_0060.jpg,9,0.55277264,0.6496624,-0.44709542,0.6334209,0.764127,1.4536197,-0.57715964,1.3886534,0.764127,2.2250938,-0.18696734,0.9176483,0.3739343,2.095161,-0.2682575,2.0789194
images/chris_kill/frame_0061.jpg,9,0.5279833,0.641203,-0.47198465,0.6331879,0.72797656,1.4427065,-0.6079804,1.3785859,0.7359763,2.1961195,-0.28799048,0.849594,0.3439891,2.067879,-0.27199098,2.051849
images/chris_kill/frame_0062.jpg,9,0.55218804,0.6663101,-0.44662282,0.6175556,0.73895735,1.4463801,-0.63339216,1.3895,0.73895735,2.2101989,-0.34105718,0.85320216,0.34917754,2.0801873,-0.27609423,2.0720615
images/chris_kill/frame_0063.jpg,9,0.56486964,0.70141155,-0.42997518,0.6000027,0.7587806,1.5126828,-0.6660403,1.4535275,0.7756421,2.3070524,-0.41311327,0.904229,0.35409808,2.2225451,-0.28664997,2.1802912
images/chris_kill/frame_0064.jpg,9,0.5293203,0.67523235,-0.46417257,0.56133795,0.71661776,1.448089,-0.6514704,1.423683,0.7329048,2.2128108,-0.5293199,0.7565858,0.34202245,2.1395922,-0.28501844,2.131457
images/chris_kill/frame_0065.jpg,9,0.5267536,0.6913123,-0.46914023,0.60078347,0.7242867,1.4731541,-0.6502122,1.4566939,0.7407478,2.2549956,-0.5761373,0.72423196,0.33745152,2.164466,-0.2962992,2.1480064
images/chris_kill/frame_0066.jpg,9,0.53183496,0.6990784,-0.46535605,0.6241771,0.7229631,1.4897027,-0.6564846,1.4647356,0.7478929,2.3136168,-0.5983151,0.7157233,0.33239657,2.1804588,-0.307468,2.1638143
images/chris_kill/frame_0067.jpg,9,0.53183746,0.6985521,-0.46535778,0.6237073,0.7229669,1.496897,-0.6481768,1.4636328,0.7478965,2.2786102,-0.5900071,0.7151842,0.3323984,2.195449,-0.3074688,2.1788168
images/chris_kill/frame_0068.jpg,9,0.52930766,0.6764143,-0.46416232,0.56232035,0.7166011,1.4506239,-0.61888283,1.4343247,0.7410308,2.2492816,-0.54559433,0.7008632,0.34201428,2.1351879,-0.28501165,2.1188884
images/chris_kill/frame_0069.jpg,9,0.53858435,0.6910763,-0.45443058,0.5730876,0.7405532,1.5001408,-0.6479841,1.4411467,0.7742145,2.29235,-0.45443058,0.8259203,0.34503037,2.2165005,-0.30295414,2.1996446
images/chris_kill/frame_0070.jpg,9,0.5362889,0.67834926,-0.46203306,0.62044144,0.74255395,1.4725139,-0.6270448,1.4063336,0.7755561,2.2418613,-0.38777763,0.8438002,0.35477588,2.2004986,-0.29702133,2.1591358
images/chris_kill/frame_0071.jpg,9,0.5281742,0.6688513,-0.47129342,0.6362245,0.7394435,1.4600539,-0.6013055,1.3947998,0.7719466,2.226786,-0.33315545,0.85645616,0.34940764,2.1533754,-0.28440097,2.1207485
images/chris_kill/frame_0072.jpg,9,0.5158567,0.64426756,-0.48411164,0.6522214,0.72219914,1.4237521,-0.5714101,1.3521667,0.7539438,2.1793742,-0.25396,0.84311587,0.3412589,2.099835,-0.28570506,2.0362036
images/chris_kill/frame_0073.jpg,9,0.52412486,0.6540385,-0.47574472,0.63788956,0.73377496,1.4614935,-0.56444263,1.3645989,0.7740924,2.2124264,-0.17739628,0.8639767,0.35479215,2.14783,-0.2902849,2.0832336
images/chris_kill/frame_0074.jpg,9,0.5277306,0.66321427,-0.4717585,0.6312519,0.735624,1.4382961,-0.52772975,1.3104476,0.7756037,2.1814158,-0.12793404,0.91092074,0.35981643,2.1174912,-0.27186087,2.0935197
images/chris_kill/frame_0075.jpg,9,0.53593135,0.64933676,-0.46394005,0.63330394,0.7519037,1.4509877,-0.4879373,1.298674,0.7838995,2.2045393,-0.023996836,0.9299149,0.37595206,2.1404068,-0.25596666,2.1163573
images/chris_kill/frame_0076.jpg,9,0.5359313,0.6736682,-0.46394008,0.65762866,0.7519033,1.4756544,-0.47193912,1.2831776,0.77589995,2.221501,0.03999471,0.9704035,0.36795223,2.1573427,-0.26396614,2.1092234
images/chris_kill/frame_0077.jpg,9,0.5518412,0.65512145,-0.44787157,0.63115364,0.76777923,1.462039,-0.40788266,1.2543174,0.79177225,2.2050421,0.17594953,0.94273573,0.37589207,2.133139,-0.247929,2.085203
images/chris_kill/frame_0078.jpg,9,0.5597136,0.65576315,-0.43977466,0.6237749,0.76760733,1.4554743,-0.39179942,1.2315552,0.7995911,2.199206,0.14392658,0.99963886,0.38380367,2.1272314,-0.23987709,2.0872462
images/chris_kill/frame_0079.jpg,9,0.5598386,0.64046913,-0.439873,0.61645156,0.77577585,1.4570669,-0.36789367,1.2329031,0.78377354,2.1936064,0.22393535,0.9847213,0.38388947,2.1135478,-0.23193265,2.0735185
images/chris_kill/frame_0080.jpg,9,0.5753393,0.670258,-0.42351395,0.6223824,0.76711935,1.4442464,-0.3436058,1.2367852,0.791092,2.186317,0.23972495,0.9894285,0.37556866,2.0985456,-0.23173392,2.0666285
images/chris_kill/frame_0081.jpg,9,0.5759263,0.6401625,-0.4239456,0.62415844,0.7679017,1.4483678,-0.35995394,1.2403146,0.78389955,2.1925564,0.23197018,1.0002537,0.37595174,2.0645237,-0.22397107,2.0645237
images/chris_kill/frame_0082.jpg,9,0.55268013,0.6602522,-0.4470208,0.6357983,0.7721265,1.475378,-0.40638256,1.2797476,0.78025454,2.241596,0.17880815,1.0189077,0.373872,2.1030247,-0.260085,2.1030247
images/chris_kill/frame_0083.jpg,9,0.54315203,0.67774606,-0.4552892,0.6219318,0.74283993,1.4432003,-0.44730136,1.2837311,0.7508274,2.1927078,0.11182514,0.9966854,0.36742604,2.0651321,-0.2556009,2.057159
images/chris_kill/frame_0084.jpg,9,0.531141,0.67547005,-0.46772164,0.62778986,0.72932804,1.438354,-0.48357648,1.2953132,0.7372559,2.177398,0.03963749,0.9853918,0.34088176,2.0661438,-0.26953462,2.0581975
images/chris_kill/frame_0085.jpg,9,0.5271506,0.66077214,-0.4720757,0.62144053,0.71598077,1.4238067,-0.5035473,1.2900789,0.71598077,2.155376,-0.055075657,0.91249496,0.32258475,2.0845792,-0.27537748,2.0373812
images/chris_kill/frame_0086.jpg,9,0.5357253,0.66412693,-0.4637623,0.6321207,0.7356228,1.4322742,-0.559713,1.3522588,0.7356228,2.1844184,-0.14392643,0.8961715,0.34382394,2.1044033,-0.2638648,2.0483918
images/chris_kill/frame_0087.jpg,9,0.52017045,0.65862095,-0.47953203,0.63422775,0.72336173,1.4554713,-0.6014473,1.3822912,0.72336173,2.2197976,-0.22757457,0.8537683,0.34136164,2.097831,-0.27634075,2.073437
images/chris_kill/frame_0088.jpg,9,0.5122396,0.6596359,-0.48745447,0.6348995,0.7187881,1.4759356,-0.62790704,1.409972,0.7187881,2.2592535,-0.33047792,0.8657725,0.3304771,2.1273263,-0.29742953,2.110835
images/chris_kill/frame_0089.jpg,9,0.53628725,0.6946297,-0.46087205,0.61930853,0.72901565,1.4980574,-0.6536001,1.4227359,0.72901565,2.2931154,-0.41897482,0.878749,0.3351795,2.16758,-0.30166158,2.1508422
images/chris_kill/frame_0090.jpg,9,0.5136636,0.6791189,-0.48052368,0.571454,0.7125006,1.4824672,-0.6545063,1.4244936,0.72078574,2.260969,-0.49709323,0.795066,0.323111,2.1864316,-0.3148258,2.1864316
images/chris_kill/frame_0091.jpg,9,0.5201476,0.7007258,-0.47751284,0.6323622,0.7333229,1.5125421,-0.65657985,1.503997,0.7418503,2.3072677,-0.61394507,0.73490757,0.34108058,2.238904,-0.32402667,2.2218137
images/chris_kill/frame_0092.jpg,9,0.52014875,0.7002891,-0.47751462,0.63196814,0.73332494,1.5115992,-0.64805543,1.494519,0.7589058,2.3143697,-0.6139473,0.7259092,0.34108114,2.2289681,-0.31550068,2.211888
images/chris_kill/frame_0093.jpg,9,0.51190794,0.68149376,-0.48631263,0.6218633,0.72520256,1.5078058,-0.65694857,1.4737312,0.75932974,2.3000424,-0.61428946,0.71556866,0.3327396,2.2063367,-0.30714473,2.155225
images/chris_kill/frame_0094.jpg,9,0.5144996,0.6904109,-0.48130545,0.5989107,0.7136602,1.4806404,-0.63897496,1.4307313,0.7551525,2.262552,-0.5476925,0.7819114,0.33193502,2.17937,-0.2987413,2.1627336
images/chris_kill/frame_0095.jpg,9,0.52921873,0.6830237,-0.4694682,0.6317969,0.7426142,1.5282656,-0.64871985,1.4685012,0.7767571,2.3393562,-0.47800395,0.8793931,0.34143183,2.2625158,-0.3158242,2.2454405
images/chris_kill/frame_0096.jpg,9,0.53249955,0.65650594,-0.46696144,0.6236805,0.7373072,1.4689317,-0.6062301,1.4032811,0.77826864,2.2403257,-0.41780722,0.84525126,0.35226908,2.1582623,-0.27853855,2.1500566
images/chris_kill/frame_0097.jpg,9,0.5321019,0.662647,-0.4676042,0.6384037,0.7336556,1.44651,-0.58047456,1.3737804,0.76590425,2.2061298,-0.3386103,0.84043014,0.35473463,2.117238,-0.27411252,2.0687518
images/chris_kill/frame_0098.jpg,9,0.5238094,0.62804025,-0.47619063,0.62804025,0.73015857,1.4230278,-0.5634922,1.3435289,0.77777773,2.170316,-0.25396836,0.82678694,0.34920624,2.0590174,-0.27777773,2.0351677
images/chris_kill/frame_0099.jpg,9,0.5396654,0.65206987,-0.46030304,0.6600218,0.7380719,1.431373,-0.51585674,1.3439002,0.7777529,2.1709156,-0.17459783,0.8349677,0.34919524,2.099347,-0.26189655,2.0436826
images/chris_kill/frame_0100.jpg,9,0.56347454,0.65983206,-0.43649387,0.65188247,0.76981694,1.4309615,-0.48411116,1.3196645,0.81743425,2.178241,-0.111107014,0.882426,0.37300414,2.0987434,-0.24602349,2.043095
images/chris_kill/frame_0101.jpg,9,0.56304634,0.6603944,-0.43616202,0.62061155,0.7692316,1.4401371,-0.45995265,1.2889624,0.8168133,2.180097,-0.03965091,0.8911346,0.37272048,2.1005316,-0.25376695,2.052792
images/chris_kill/frame_0102.jpg,9,0.5884026,0.65366375,-0.4110762,0.62138397,0.8060312,1.4525865,-0.42719698,1.2911878,0.8543931,2.2111595,0.032241132,0.92804134,0.4030156,2.082041,-0.21762857,2.0739708
images/chris_kill/frame_0103.jpg,9,0.5833282,0.66335374,-0.41552144,0.6154004,0.8070705,1.4306061,-0.38355824,1.2627697,0.86300606,2.181874,0.05593517,0.9750501,0.40753064,2.0539985,-0.19976993,2.046006
images/chris_kill/frame_0104.jpg,9,0.6132395,0.66144663,-0.38524014,0.60632616,0.81765324,1.4252602,-0.33806762,1.2047778,0.8491009,2.157576,0.18868926,0.96067256,0.42455065,2.0709584,-0.19655089,2.0315864
images/chris_kill/frame_0105.jpg,9,0.6418655,0.65824884,-0.35659236,0.60273385,0.839972,1.4275278,-0.30112258,1.197537,0.8875179,2.1650836,0.28527355,0.97547734,0.44375896,2.0381923,-0.16641012,2.0381923
images/chris_kill/frame_0106.jpg,9,0.6656371,0.65075785,-0.33281872,0.59520525,0.8637427,1.4205563,-0.25357613,1.1904106,0.9033644,2.1665468,0.3407425,0.9840727,0.46753058,2.07925,-0.14263684,2.0395703
images/chris_kill/frame_0107.jpg,9,0.6663147,0.63354576,-0.33315736,0.60105616,0.88571095,1.4457837,-0.2518993,1.2264796,0.92634,2.209288,0.34128332,1.0071757,0.47942153,2.0874527,-0.15438972,2.0712073
images/chris_kill/frame_0108.jpg,9,0.67443717,0.62831676,-0.32503006,0.59567696,0.9100842,1.4524728,-0.235647,1.232154,0.9344612,2.2113485,0.31690452,1.0281547,0.4794191,2.080789,-0.13813798,2.0726295
images/chris_kill/frame_0109.jpg,9,0.66900456,0.6307055,-0.33047226,0.59836155,0.8946933,1.4473882,-0.24986972,1.220981,0.91887426,2.207469,0.33853272,1.0026599,0.47555766,2.0619216,-0.13702534,2.0538356
images/chris_kill/frame_0110.jpg,9,0.67356473,0.64974725,-0.3248958,0.59428114,0.8637476,1.4183509,-0.27735,1.2044098,0.8954448,2.1552596,0.3011231,0.96669734,0.45168465,2.0205555,-0.15848565,2.0205555
images/chris_kill/frame_0111.jpg,9,0.66365844,0.64946496,-0.33582708,0.61739266,0.8715515,1.4352376,-0.3038437,1.2668579,0.90353495,2.1889377,0.2238846,0.978207,0.4637611,2.0606484,-0.14392589,2.0526307
images/chris_kill/frame_0112.jpg,9,0.6500557,0.6505529,-0.34881064,0.6029513,0.8640992,1.420109,-0.3646654,1.2693713,0.87202656,2.165865,0.10305763,0.9282278,0.46772343,2.0865288,-0.15062276,2.0309937
images/chris_kill/frame_0113.jpg,9,0.6554734,0.6569457,-0.34372398,0.6168878,0.8633067,1.4500873,-0.39967945,1.2978679,0.87929416,2.1951597,0.023980979,0.90530306,0.4476406,2.058964,-0.16786522,2.0509517
images/chris_kill/frame_0114.jpg,9,0.6471934,0.6720412,-0.35226914,0.63925874,0.8765785,1.4670167,-0.43419236,1.376865,0.884771,2.2374058,-0.07373032,0.86054045,0.4423857,2.1062758,-0.1802306,2.0898845
images/chris_kill/frame_0115.jpg,9,0.6338095,0.66813076,-0.36565918,0.6355387,0.84507895,1.4584805,-0.48754543,1.3770007,0.8613303,2.2162383,-0.19501851,0.89627254,0.43066534,2.0940187,-0.18689284,2.077723
images/chris_kill/frame_0116.jpg,9,0.62549734,0.66748756,-0.37367398,0.6267872,0.8367046,1.4570767,-0.51177067,1.4000957,0.84482807,2.214105,-0.2843173,0.8465694,0.42241403,2.1001437,-0.19496027,2.0920038
images/chris_kill/frame_0117.jpg,9,0.6315516,0.68284845,-0.36563584,0.6079016,0.8392993,1.4822809,-0.54014367,1.423989,0.8476094,2.2650578,-0.39887533,0.791105,0.44042403,2.1817837,-0.20774774,2.1817837
images/chris_kill/frame_0118.jpg,9,0.62008613,0.68554956,-0.37707907,0.61030614,0.8128154,1.4797843,-0.5614288,1.4547027,0.8379541,2.2990994,-0.5027724,0.7022701,0.4105977,2.173694,-0.22624709,2.1569731
images/chris_kill/frame_0119.jpg,9,0.61955464,0.7168166,-0.37861636,0.6563621,0.8260728,1.5372697,-0.5937397,1.4681787,0.85188735,2.349086,-0.5507149,0.73408943,0.4216411,2.254087,-0.24954252,2.2368138
images/chris_kill/frame_0120.jpg,9,0.59462774,0.70811445,-0.4050366,0.6822076,0.81869054,1.5371258,-0.60324556,1.5025839,0.84454393,2.366138,-0.5515392,0.7426564,0.40503615,2.262511,-0.24991663,2.2452397
images/chris_kill/frame_0121.jpg,9,0.5944729,0.68204665,-0.40493074,0.6475128,0.8184767,1.536764,-0.5944724,1.4935962,0.8529392,2.3396795,-0.5600103,0.73384786,0.40493116,2.2447112,-0.24985068,2.1929102
images/chris_kill/frame_0122.jpg,9,0.5826033,0.6668564,-0.41614524,0.6168423,0.7906759,1.4837555,-0.5659574,1.425406,0.8239676,2.2756479,-0.48272863,0.7835563,0.39949942,2.1922905,-0.25801015,2.183955
images/chris_kill/frame_0123.jpg,9,0.57801884,0.66098064,-0.42112744,0.61966926,0.79271114,1.4789438,-0.5615035,1.4211082,0.8257409,2.255596,-0.38809815,0.8014388,0.3963558,2.1729734,-0.25597927,2.1729734
images/chris_kill/frame_0124.jpg,9,0.5852885,0.6578587,-0.41457957,0.64161515,0.7885132,1.4537866,-0.5365149,1.380691,0.83728766,2.2172272,-0.3251604,0.84465826,0.4227081,2.1360097,-0.22761233,2.095402
images/chris_kill/frame_0125.jpg,9,0.5793472,0.64981884,-0.4206214,0.6577434,0.7777538,1.4185072,-0.4999837,1.3392607,0.82537115,2.163421,-0.24602354,0.87170815,0.41268557,2.0762503,-0.21427861,2.0128536
images/chris_kill/frame_0126.jpg,9,0.57211703,0.6355349,-0.42707366,0.67575836,0.79774064,1.4400089,-0.48347956,1.3756512,0.8460885,2.1962147,-0.16115972,0.84469837,0.4109569,2.1157677,-0.22562361,2.0674994
images/chris_kill/frame_0127.jpg,9,0.59675497,0.6448194,-0.40321255,0.63675904,0.82255405,1.4427834,-0.45159814,1.3379999,0.86287534,2.2004454,-0.08870694,0.902747,0.41934147,2.119844,-0.20160627,2.063422
images/chris_kill/frame_0128.jpg,9,0.60792154,0.6498292,-0.39194968,0.63378423,0.8238942,1.4440653,-0.41594642,1.2996589,0.87988675,2.1901653,-0.007998641,0.9145746,0.43194413,2.1179621,-0.20797321,2.0778494
images/chris_kill/frame_0129.jpg,9,0.5999233,0.6559282,-0.39994872,0.63993007,0.8238949,1.439842,-0.40794748,1.2878587,0.8878866,2.1917596,0.04799375,0.9678939,0.4239458,2.1117687,-0.19997416,2.0957704
images/chris_kill/frame_0130.jpg,9,0.6243133,0.6482748,-0.37458798,0.6014118,0.81941134,1.4058975,-0.35117617,1.210634,0.874039,2.124467,0.10145126,0.9528861,0.42921564,2.0463622,-0.17168586,2.007309
images/chris_kill/frame_0131.jpg,9,0.6155054,0.65677756,-0.38369232,0.61673033,0.83932585,1.4417073,-0.3277372,1.2254511,0.9032745,2.186589,0.19184574,0.9851666,0.44764048,2.066447,-0.17585921,2.066447
images/chris_kill/frame_0132.jpg,9,0.6393225,0.63242203,-0.36064374,0.6242087,0.8770194,1.470175,-0.2704828,1.2402041,0.93439484,2.234009,0.31966105,1.0020192,0.48359016,2.1108105,-0.14753638,2.102597
images/chris_kill/frame_0133.jpg,9,0.6531404,0.6138281,-0.34672913,0.5976749,0.8789177,1.4376504,-0.2338405,1.2115033,0.935362,2.1887827,0.37091926,0.9772792,0.49187154,2.067632,-0.12095228,2.067632
images/chris_kill/frame_0134.jpg,9,0.6720399,0.63321716,-0.32782486,0.61676997,0.9097125,1.4638007,-0.21308622,1.2335402,0.9588865,2.2203722,0.4015848,1.0032792,0.49173623,2.088794,-0.12293479,2.088794
images/chris_kill/frame_0135.jpg,9,0.6828363,0.6173772,-0.31703168,0.6011306,0.9104485,1.445963,-0.21135445,1.2185082,0.9510938,2.2014377,0.36580503,0.9829295,0.5039978,2.06334,-0.12193542,2.055217
images/chris_kill/frame_0136.jpg,9,0.69186234,0.64482844,-0.3066215,0.5897823,0.88055235,1.4076138,-0.22013849,1.1874284,0.91986287,2.1310794,0.3616552,0.9436518,0.47172466,2.0052598,-0.12579349,2.0052598
images/chris_kill/frame_0137.jpg,9,0.6639151,0.62366205,-0.335957,0.60767084,0.8798874,1.4152335,-0.25596747,1.2233374,0.9118833,2.158831,0.2959622,0.9514845,0.4639405,2.0388956,-0.13598281,2.0388956
images/chris_kill/frame_0138.jpg,9,0.6559159,0.6327562,-0.34395584,0.61673707,0.8798873,1.4257035,-0.29596174,1.2655121,0.91188306,2.1705935,0.2239718,0.92911005,0.4799386,2.05045,-0.14398108,2.0424397
images/chris_kill/frame_0139.jpg,9,0.64227635,0.6347877,-0.35772368,0.6347877,0.86991894,1.4404794,-0.35772368,1.3021283,0.9024397,2.213618,0.10569142,0.94404316,0.4634151,2.132235,-0.15447156,2.1078203
images/chris_kill/frame_0140.jpg,9,0.6367661,0.6204553,-0.36271438,0.6526867,0.85439444,1.4342993,-0.37077472,1.3134317,0.88663584,2.1917384,0.0,0.90248066,0.4513787,2.1111598,-0.16926666,2.0789282
images/chris_kill/frame_0141.jpg,9,0.6254994,0.63389504,-0.37367457,0.6745293,0.84483063,1.4465809,-0.4224147,1.373439,0.8773239,2.2105057,-0.081233405,0.84519315,0.43866235,2.0886025,-0.17871365,2.0723488
images/chris_kill/frame_0142.jpg,9,0.61755806,0.62720853,-0.38191098,0.6597909,0.84507966,1.4499103,-0.44691712,1.3684546,0.8775827,2.2155938,-0.15438941,0.82270205,0.43066558,2.09341,-0.20314403,2.0771186
images/chris_kill/frame_0143.jpg,9,0.6128233,0.63025886,-0.38704604,0.64641905,0.8144098,1.4302021,-0.45961758,1.3574805,0.86279094,2.1897447,-0.24190378,0.7918633,0.42736375,2.1089427,-0.18545957,2.0685408
images/chris_kill/frame_0144.jpg,9,0.6249134,0.6498529,-0.3749478,0.6331898,0.84155,1.4829968,-0.46660176,1.4246767,0.87487817,2.2661529,-0.32495484,0.8664701,0.42494118,2.1411812,-0.19997182,2.1495123
images/chris_kill/frame_0145.jpg,9,0.64623827,0.6629122,-0.35249346,0.61256486,0.8560556,1.4936504,-0.48677653,1.4265202,0.8896265,2.2824328,-0.40284956,0.78039056,0.45320565,2.2069108,-0.19303218,2.2069108
images/chris_kill/frame_0146.jpg,9,0.6487173,0.6925129,-0.34996614,0.64121574,0.86211133,1.5047195,-0.4865382,1.4619718,0.89625436,2.3083768,-0.47800222,0.7780085,0.4609307,2.2314312,-0.20485853,2.2228813
images/chris_kill/frame_0147.jpg,9,0.6517776,0.68844116,-0.3476146,0.6535839,0.8690367,1.551172,-0.5127318,1.4901708,0.9037984,2.3703294,-0.5040415,0.74072796,0.46058995,2.2919,-0.21725951,2.2657568
images/chris_kill/frame_0148.jpg,9,0.6512848,0.7045782,-0.34735227,0.65238714,0.8683798,1.5396338,-0.51234436,1.4787446,0.903115,2.357293,-0.5036608,0.7393723,0.45155707,2.279006,-0.21709494,2.2529101
images/chris_kill/frame_0149.jpg,9,0.64897597,0.6854442,-0.35010594,0.64260405,0.8709938,1.5251135,-0.47819316,1.4565688,0.90515083,2.321942,-0.4696541,0.73685235,0.45257518,2.2362616,-0.21347927,2.1848533
images/chris_kill/frame_0150.jpg,9,0.6398651,0.68219584,-0.35732785,0.60732085,0.8476134,1.4725447,-0.44873747,1.4143085,0.8808534,2.254574,-0.42380753,0.71547383,0.4404265,2.1131432,-0.19943902,2.1048238
images/chris_kill/frame_0151.jpg,9,0.6429303,0.65340585,-0.3553039,0.59400535,0.86288047,1.5019851,-0.44835985,1.3831841,0.9051787,2.29965,-0.32992506,0.7552357,0.4483594,2.1638772,-0.19457133,2.155391
images/chris_kill/frame_0152.jpg,9,0.63412565,0.627479,-0.36584118,0.6193298,0.83737105,1.4423864,-0.40649042,1.3201507,0.88615024,2.1921022,-0.2357639,0.75786406,0.45527002,2.0861638,-0.15446624,2.0780144
images/chris_kill/frame_0153.jpg,9,0.62599576,0.63524693,-0.37397107,0.6433909,0.8455005,1.4659548,-0.40649053,1.3519362,0.88614905,2.2233646,-0.170726,0.7736982,0.43901002,2.1012018,-0.18698573,2.0849137
images/chris_kill/frame_0154.jpg,9,0.6308073,0.6316724,-0.3686542,0.6644864,0.85200006,1.4602294,-0.417808,1.3535833,0.8929612,2.2313619,-0.122884735,0.83676046,0.45057693,2.100105,-0.17203896,2.0836976
images/chris_kill/frame_0155.jpg,9,0.64227664,0.6276671,-0.35772333,0.6276671,0.86178833,1.4591218,-0.39024356,1.3123946,0.9024389,2.2172132,-0.0569105,0.85590965,0.45528442,2.0867884,-0.17073108,2.0786374
images/chris_kill/frame_0156.jpg,9,0.64754105,0.6232172,-0.35245898,0.6232172,0.8770496,1.4514403,-0.36885244,1.2710357,0.9098361,2.2222621,0.03278694,0.85282373,0.45901674,2.0910583,-0.16393428,2.0828576
images/chris_kill/frame_0157.jpg,9,0.6583412,0.6255522,-0.34136173,0.6011799,0.877788,1.4298338,-0.3251065,1.2186081,0.91842633,2.1691227,0.11378752,0.8611499,0.4714049,2.0635097,-0.14629759,2.0553858
images/chris_kill/frame_0158.jpg,9,0.67102635,0.64687973,-0.32732958,0.5895613,0.9001571,1.4575263,-0.2945969,1.1627456,0.924707,2.1781008,0.23731434,0.85158867,0.48281184,2.0798402,-0.13911508,2.0716524
images/chris_kill/frame_0159.jpg,9,0.69663703,0.65722317,-0.3008204,0.58595794,0.8866287,1.4173849,-0.22957332,1.1085691,0.91829413,2.1300364,0.34831873,0.83934516,0.49081248,2.011261,-0.11082834,2.011261
images/chris_kill/frame_0160.jpg,9,0.688432,0.6231404,-0.31143352,0.60674185,0.9097137,1.4594606,-0.20489006,1.1478906,0.9424962,2.205589,0.41797656,0.8609175,0.50812835,2.082601,-0.10654304,2.082601
images/chris_kill/frame_0161.jpg,9,0.6965102,0.62288946,-0.3031875,0.5983018,0.9095608,1.4506769,-0.18027385,1.1474282,0.9423375,2.2047007,0.43429437,0.86057085,0.5162368,2.0735664,-0.10652507,2.0735664
images/chris_kill/frame_0162.jpg,9,0.69157076,0.62419796,-0.30829075,0.6075525,0.92487186,1.4814299,-0.19997221,1.1734924,0.94986814,2.2387903,0.44993737,0.8821999,0.5165952,2.1139507,-0.10831813,2.1056283
images/chris_kill/frame_0163.jpg,9,0.6747074,0.617869,-0.3251604,0.60160935,0.88606155,1.4471145,-0.21948314,1.1463096,0.91044897,2.1788013,0.38206336,0.88615465,0.47961125,2.0568538,-0.10567687,2.0568538
images/chris_kill/frame_0164.jpg,9,0.6737079,0.6571324,-0.32467827,0.6003429,0.86851525,1.4440682,-0.2597422,1.2087986,0.90098286,2.1904402,0.3246787,0.9005143,0.4707838,2.0525239,-0.1217542,2.0525239
images/chris_kill/frame_0165.jpg,9,0.6638448,0.6406975,-0.3360202,0.6242689,0.87693125,1.4621037,-0.2868467,1.240324,0.90151805,2.2013698,0.22128162,0.9281895,0.4589548,2.0945873,-0.13932535,2.0863729
images/chris_kill/frame_0166.jpg,9,0.6340616,0.63606155,-0.36580545,0.61975247,0.8616742,1.4433703,-0.3576759,1.2476591,0.8698029,2.2017515,0.08941898,0.93778324,0.4389658,2.079432,-0.17070927,2.0712774
images/chris_kill/frame_0167.jpg,9,0.62870425,0.65385133,-0.37077433,0.6215623,0.83827245,1.4449306,-0.39495516,1.2915579,0.854393,2.1875763,0.024180854,0.9121628,0.42719632,2.0584211,-0.16926639,2.050348
images/chris_kill/frame_0168.jpg,9,0.6209475,0.6366843,-0.37902012,0.62862486,0.82255346,1.4345547,-0.41934147,1.3056059,0.8467465,2.1840692,-0.032257006,0.8381666,0.4193411,2.0551207,-0.17741333,2.047061
images/chris_kill/frame_0169.jpg,9,0.6016063,0.63449395,-0.39836064,0.64262825,0.821111,1.4479482,-0.46339923,1.3177953,0.829241,2.20446,-0.13820627,0.8459922,0.42275083,2.0743077,-0.1788555,2.0580387
images/chris_kill/frame_0170.jpg,9,0.59997886,0.6597289,-0.39998633,0.66807973,0.8166378,1.4864775,-0.5249818,1.4196694,0.8416368,2.2798223,-0.2499914,0.8768548,0.4249849,2.154558,-0.20832595,2.1378553
images/chris_kill/frame_0171.jpg,9,0.5867571,0.6543943,-0.41320863,0.64611083,0.8016258,1.4744581,-0.55369985,1.3999066,0.83468264,2.261388,-0.32230297,0.86976457,0.41320905,2.1205692,-0.21486863,2.1205692
images/chris_kill/frame_0172.jpg,9,0.5797495,0.66470236,-0.42010885,0.64787465,0.79820645,1.4976841,-0.58815205,1.4472002,0.83181477,2.2717679,-0.3949022,0.88346523,0.39490178,2.1623864,-0.22685857,2.1539724
images/chris_kill/frame_0173.jpg,9,0.5889663,0.6756717,-0.4097161,0.6243549,0.8023603,1.5223995,-0.59750247,1.4625298,0.84503895,2.3178103,-0.50360906,0.7868583,0.4097161,2.2408352,-0.22192928,2.2322824
images/chris_kill/frame_0174.jpg,9,0.57724327,0.6891398,-0.42216295,0.65468293,0.8012487,1.5333364,-0.6030899,1.4816506,0.8443264,2.3430758,-0.5686276,0.7408254,0.40493244,2.2655478,-0.24985167,2.2483194
images/chris_kill/frame_0175.jpg,9,0.5650237,0.6979269,-0.4346338,0.671755,0.7910335,1.5616124,-0.6258723,1.5092673,0.83449626,2.3729525,-0.60848683,0.75027186,0.39117017,2.2944357,-0.269473,2.2769876
images/chris_kill/frame_0176.jpg,9,0.56513226,0.6871252,-0.4347164,0.6697299,0.79987895,1.5569041,-0.6086029,1.4960196,0.8346559,2.3657985,-0.6172975,0.7393119,0.3912449,2.287518,-0.27821863,2.2266335
images/chris_kill/frame_0177.jpg,9,0.5748616,0.70724374,-0.42451298,0.6718817,0.81365013,1.5736177,-0.62792486,1.5117339,0.8578699,2.395789,-0.592549,0.7602872,0.3979811,2.3073835,-0.26532045,2.25434
images/chris_kill/frame_0178.jpg,9,0.5552295,0.66784513,-0.44418392,0.63359654,0.7858637,1.5154945,-0.6064818,1.4726839,0.8371151,2.3203335,-0.5466881,0.71921784,0.39293164,2.2518363,-0.27334425,2.2347121
images/chris_kill/frame_0179.jpg,9,0.5664932,0.65174174,-0.43121165,0.58402854,0.80323666,1.4981598,-0.5495836,1.4389106,0.845512,2.2937925,-0.48194262,0.74484783,0.40584597,2.2091508,-0.24519871,2.158366
images/chris_kill/frame_0180.jpg,9,0.57481885,0.6608692,-0.4248662,0.63577276,0.799748,1.4806814,-0.5165043,1.413758,0.84140134,2.267032,-0.35822022,0.83654314,0.4082046,2.191743,-0.24159078,2.141551
images/chris_kill/frame_0181.jpg,9,0.5609569,0.63536966,-0.43900993,0.64351535,0.78859174,1.4417998,-0.48778903,1.3603424,0.821111,2.2075014,-0.2845433,0.7738475,0.39023122,2.0771692,-0.22763488,2.0690236
images/chris_kill/frame_0182.jpg,9,0.58505625,0.63400006,-0.4144151,0.6665127,0.8044523,1.4468205,-0.46317008,1.3248975,0.84508157,2.2108722,-0.17876764,0.8290768,0.40628943,2.0808206,-0.20314512,2.0645642
images/chris_kill/frame_0183.jpg,9,0.59347665,0.6500841,-0.40649033,0.65821004,0.81298107,1.454563,-0.4308799,1.31642,0.84550035,2.2184112,-0.089427695,0.8451091,0.41462088,2.0802689,-0.20324495,2.0721426
images/chris_kill/frame_0184.jpg,9,0.609756,0.634614,-0.390244,0.634614,0.8455284,1.440086,-0.3983742,1.2855006,0.8699182,2.213014,-0.032520436,0.8461525,0.44715464,2.1397889,-0.17886178,2.0909722
images/chris_kill/frame_0185.jpg,9,0.6065375,0.6389774,-0.39342886,0.6307854,0.8360377,1.4499868,-0.37703612,1.2451867,0.860627,2.2282286,0.040982496,0.8683538,0.4344122,2.1053483,-0.18851806,2.0889642
images/chris_kill/frame_0186.jpg,9,0.6202386,0.6621362,-0.378587,0.61368734,0.82161474,1.4373202,-0.3624772,1.2031503,0.85383475,2.1802046,0.11277051,0.8963066,0.44302735,2.075232,-0.17721085,2.0590823
images/chris_kill/frame_0187.jpg,9,0.6440425,0.67002046,-0.35343787,0.5990769,0.82468796,1.4188668,-0.30631283,1.1429763,0.8403966,2.1204178,0.25133348,0.8355549,0.43197975,2.010061,-0.16493767,2.010061
images/chris_kill/frame_0188.jpg,9,0.64948565,0.66541934,-0.34850428,0.60204613,0.82373714,1.4258988,-0.27721927,1.1327975,0.8474992,2.1309264,0.29306066,0.84761757,0.4435509,2.027945,-0.15049027,2.0200236
images/chris_kill/frame_0189.jpg,9,0.6497875,0.65118134,-0.3486663,0.5955928,0.83996916,1.4214815,-0.23772678,1.1355966,0.83996916,2.144134,0.3328178,0.8417713,0.44375694,2.0170743,-0.1505604,2.0170743
images/chris_kill/frame_0190.jpg,9,0.6418654,0.6582975,-0.35659227,0.60277855,0.8320477,1.4197019,-0.25357684,1.1738315,0.8399724,2.157312,0.36451653,0.82485473,0.45168343,2.0224807,-0.15848568,2.0145488
images/chris_kill/frame_0191.jpg,9,0.64667666,0.6707309,-0.35128093,0.6068518,0.82231736,1.4292957,-0.27942786,1.1897489,0.84626836,2.1639059,0.31136283,0.84639835,0.45506936,2.0361474,-0.14370571,2.0361474
images/chris_kill/frame_0192.jpg,9,0.6256854,0.6497903,-0.37378672,0.61730087,0.8288307,1.453906,-0.32503167,1.2264793,0.8450823,2.2011647,0.2518995,0.8609724,0.4306669,2.0793293,-0.17876738,2.0793293
images/chris_kill/frame_0193.jpg,9,0.6146709,0.6501857,-0.38519368,0.6337254,0.83595246,1.4649755,-0.36880252,1.2592207,0.84414804,2.2303843,0.10654259,0.9217827,0.44256318,2.1069314,-0.18030368,2.098701
images/chris_kill/frame_0194.jpg,9,0.60130835,0.66647035,-0.3981631,0.63395965,0.8125788,1.454856,-0.41441485,1.2923027,0.82070446,2.218859,0.0487552,0.8615351,0.42254093,2.080688,-0.20314439,2.080688
images/chris_kill/frame_0195.jpg,9,0.6014457,0.6605824,-0.39825502,0.6361165,0.80463713,1.4598058,-0.438893,1.31301,0.82089216,2.2182522,-0.05689381,0.86446637,0.4063821,2.0796115,-0.2194465,2.0714564
images/chris_kill/frame_0196.jpg,9,0.5772168,0.6586691,-0.4227501,0.66680104,0.7723328,1.4474462,-0.4715292,1.3417337,0.7967219,2.2118275,-0.16259615,0.8294353,0.39836094,2.08172,-0.22763495,2.0654569
images/chris_kill/frame_0197.jpg,9,0.5645161,0.65317124,-0.4354839,0.65317124,0.76612896,1.4272999,-0.52419364,1.3063422,0.79032236,2.1853008,-0.2903226,0.919278,0.395161,2.072407,-0.23387143,2.0562797
images/chris_kill/frame_0198.jpg,9,0.57007253,0.66122276,-0.42961997,0.63642687,0.77662003,1.479486,-0.57007253,1.4050986,0.801406,2.2564228,-0.35526234,0.87612015,0.39657208,2.1655042,-0.24785808,2.1241782
images/chris_kill/frame_0199.jpg,9,0.5909451,0.67940855,-0.4084477,0.644567,0.81689495,1.5417348,-0.61701655,1.4720517,0.8342755,2.3605092,-0.37368667,0.9755612,0.40844727,2.2821157,-0.24333079,2.2908256
images/chris_kill/frame_0200.jpg,9,0.5705702,0.6725994,-0.4257989,0.5874603,0.7834696,1.5069635,-0.61315024,1.4303386,0.8090177,2.298758,-0.5109586,0.715169,0.39173502,2.2136188,-0.2639957,2.2136188
images/chris_kill/frame_0201.jpg,9,0.56335956,0.6757269,-0.43532273,0.6244058,0.8023599,1.5225236,-0.61457354,1.4455422,0.8108959,2.3265529,-0.56335914,0.73560125,0.40117994,2.241018,-0.25607237,2.1896973
images/chris_kill/frame_0202.jpg,9,0.5674691,0.65387404,-0.43195388,0.61990637,0.78768075,1.4945693,-0.6013477,1.426634,0.8130903,2.2928045,-0.5928782,0.7048251,0.38960543,2.216378,-0.2625601,2.1909027
images/chris_kill/frame_0203.jpg,9,0.58043134,0.68396676,-0.4182521,0.6326692,0.7938254,1.5047268,-0.5975025,1.4448798,0.82796776,2.3083875,-0.58043134,0.718165,0.3926449,2.2314415,-0.25607243,2.205793
images/chris_kill/frame_0204.jpg,9,0.58015996,0.68217397,-0.41805702,0.6224837,0.7934547,1.5007821,-0.59722435,1.4410923,0.8361132,2.3023362,-0.57162887,0.7333367,0.4009931,2.2170646,-0.24742126,2.1573744
images/chris_kill/frame_0205.jpg,9,0.59529644,0.67866385,-0.4024546,0.61163497,0.79652375,1.4830056,-0.5533745,1.4327341,0.838446,2.2622116,-0.5198369,0.72893494,0.4108384,2.1868048,-0.22638077,2.170048
images/chris_kill/frame_0206.jpg,9,0.5999575,0.6834889,-0.3971546,0.6075457,0.81120986,1.5019879,-0.5577068,1.4176068,0.86191046,2.2867348,-0.42250514,0.85225177,0.43095544,2.2107916,-0.21970268,2.2023528
images/chris_kill/frame_0207.jpg,9,0.5999169,0.6499327,-0.39994428,0.63326794,0.8165531,1.4831802,-0.52492714,1.399855,0.8582142,2.2664328,-0.37494773,0.8082499,0.42494085,2.1414456,-0.20830461,2.1331127
images/chris_kill/frame_0208.jpg,9,0.6082485,0.6598028,-0.39161196,0.64309895,0.8332172,1.4866439,-0.52492666,1.4114766,0.8748779,2.2717252,-0.31662267,0.8518971,0.44160524,2.1965582,-0.19997184,2.1882062
images/chris_kill/frame_0209.jpg,9,0.6227618,0.6405998,-0.3769346,0.66523826,0.83581215,1.4618819,-0.4670709,1.3797536,0.8685894,2.2420998,-0.18846688,0.8377075,0.45887712,2.1106942,-0.17207886,2.0942686
images/chris_kill/frame_0210.jpg,9,0.6288473,0.6307861,-0.37085834,0.65504736,0.83846295,1.4475739,-0.42729348,1.3181819,0.8707114,2.2077522,-0.10480802,0.84104854,0.45954195,2.0783606,-0.17736717,2.0540993
images/chris_kill/frame_0211.jpg,9,0.65032065,0.643215,-0.34954673,0.626931,0.86167514,1.4492689,-0.3983208,1.302714,0.8860622,2.2227554,-0.024386615,0.84676415,0.46335354,2.0924838,-0.17070879,2.0762
images/chris_kill/frame_0212.jpg,9,0.6693334,0.6220108,-0.33063403,0.61393255,0.8790038,1.429817,-0.3467626,1.2844119,0.90319645,2.1972332,0.056449752,0.8562745,0.48385516,2.1164522,-0.14515622,2.0679839
images/chris_kill/frame_0213.jpg,9,0.6773312,0.6206854,-0.32253882,0.6045637,0.8869813,1.4267702,-0.32253882,1.2413706,0.9111715,2.18449,0.120951645,0.90281504,0.49187163,2.063577,-0.13707884,2.055516
images/chris_kill/frame_0214.jpg,9,0.70786524,0.6395268,-0.29101208,0.59215456,0.88876456,1.4053801,-0.26741657,1.1922046,0.9044949,2.1475472,0.22808991,0.8763887,0.5033708,2.0212214,-0.11011277,2.0133262
images/chris_kill/frame_0215.jpg,9,0.7157349,0.63791275,-0.283148,0.5906599,0.8966347,1.401833,-0.23595653,1.1734443,0.9045,2.134251,0.29887822,0.8820525,0.51123923,2.03187,-0.09438253,2.016119
images/chris_kill/frame_0216.jpg,9,0.7117934,0.6177448,-0.2879169,0.5936769,0.9117353,1.4200112,-0.22393546,1.1953765,0.9197333,2.1741414,0.3279048,0.8985382,0.51185113,2.0858924,-0.09597257,2.0538015
images/chris_kill/frame_0217.jpg,9,0.71118045,0.61556417,-0.2876685,0.5675981,0.9029592,1.3910152,-0.22374226,1.1751678,0.9109502,2.1504772,0.3356132,0.87138295,0.5114108,2.0225675,-0.103880346,2.0145733
images/chris_kill/frame_0218.jpg,9,0.72788954,0.598368,-0.2710229,0.55174196,0.8827601,1.3521565,-0.21681848,1.1423388,0.89050317,2.0826313,0.32522732,0.8392694,0.51107144,1.9582953,-0.08517877,1.9505241
images/chris_kill/frame_0219.jpg,9,0.70710677,0.6182646,-0.29259536,0.5938595,0.91029817,1.4073653,-0.26008496,1.236529,0.91842586,2.180196,0.23570225,0.9273969,0.51204306,2.0419004,-0.11378706,2.033765
images/chris_kill/frame_0220.jpg,9,0.6906916,0.6257762,-0.30877984,0.5932685,0.9019621,1.414092,-0.30065376,1.2515523,0.9100882,2.1780264,0.13813856,0.9346009,0.50379896,2.0886297,-0.1218868,2.0479949
images/chris_kill/frame_0221.jpg,9,0.6876473,0.63204676,-0.31184053,0.6000445,0.8875452,1.4081041,-0.32783207,1.2560928,0.8875452,2.160159,0.11993813,0.87206435,0.49574572,2.0721529,-0.11993894,2.0321503
images/chris_kill/frame_0222.jpg,9,0.6828368,0.6408823,-0.31703156,0.6246577,0.8860624,1.427789,-0.3414184,1.2979901,0.8941913,2.1984704,0.056902997,0.8193559,0.4958699,2.0686712,-0.13819282,2.0605588
images/chris_kill/frame_0223.jpg,9,0.661269,0.6444785,-0.33869848,0.63642234,0.8628755,1.4339644,-0.39514813,1.3453487,0.8628755,2.1912265,-0.056449678,0.82171005,0.4596626,2.0542753,-0.14515637,2.0462193
images/chris_kill/frame_0224.jpg,9,0.66095376,0.6364271,-0.33873877,0.66122305,0.8757639,1.4546909,-0.42961982,1.3720379,0.884026,2.231628,-0.16523875,0.83479416,0.47092953,2.0911179,-0.15697664,2.0911179
images/chris_kill/frame_0225.jpg,9,0.6525364,0.6606529,-0.34691784,0.6276203,0.8590349,1.4534369,-0.49559674,1.3956299,0.8672952,2.2379625,-0.28909785,0.90839815,0.45429745,2.0975735,-0.17345871,2.0975735
images/chris_kill/frame_0226.jpg,9,0.666448,0.66609913,-0.3332238,0.6404801,0.8885972,1.5115325,-0.52119666,1.4517543,0.89714116,2.314267,-0.3332238,1.0333077,0.46993157,2.1861713,-0.16233969,2.1861713
images/chris_kill/frame_0227.jpg,9,0.6572532,0.67535776,-0.3414304,0.62406474,0.8877187,1.5216923,-0.5292176,1.4618502,0.9047902,2.3252826,-0.46093133,0.71810174,0.46946648,2.2312455,-0.17071563,2.1885011
images/chris_kill/frame_0228.jpg,9,0.6543312,0.6795332,-0.34394303,0.6208082,0.86405236,1.4932953,-0.5284976,1.426181,0.88921934,2.2818894,-0.50333107,0.70470107,0.46138752,2.189607,-0.15938802,2.1392715
images/chris_kill/frame_0229.jpg,9,0.6577335,0.6762822,-0.34168005,0.64203995,0.87982535,1.532336,-0.529604,1.4638513,0.90545154,2.3284655,-0.54668796,0.72764534,0.4868939,2.2428598,-0.17084002,2.1829362
images/chris_kill/frame_0230.jpg,9,0.6575211,0.69072145,-0.34156954,0.6480842,0.87100244,1.526409,-0.51235455,1.4667168,0.90515965,2.3279865,-0.56358963,0.7333583,0.4696586,2.191548,-0.17932375,2.18302
images/chris_kill/frame_0231.jpg,9,0.65233004,0.663222,-0.34734467,0.6377136,0.87259674,1.4965012,-0.49983755,1.453987,0.90648454,2.304272,-0.54219687,0.7227422,0.4744217,2.21074,-0.16943678,2.1597233
images/chris_kill/frame_0232.jpg,9,0.66015947,0.68757105,-0.33854264,0.6366396,0.8802122,1.5109586,-0.48242348,1.4515384,0.91406685,2.3088799,-0.4993506,0.7300135,0.48242393,2.2239954,-0.18619846,2.2155066
images/chris_kill/frame_0233.jpg,9,0.64243716,0.6590792,-0.3541634,0.5766944,0.84834635,1.4499736,-0.453,1.3923044,0.88952804,2.2243915,-0.453,0.6837945,0.46123642,2.150245,-0.18119992,2.1420064
images/chris_kill/frame_0234.jpg,9,0.6561687,0.66686624,-0.3408665,0.58992004,0.88625354,1.5132731,-0.48573497,1.3935794,0.92034036,2.3254824,-0.30677968,0.8378575,0.48573542,2.2314372,-0.17895485,2.1886888
images/chris_kill/frame_0235.jpg,9,0.6385643,0.6489923,-0.36129358,0.6321353,0.8738255,1.4834111,-0.43691295,1.3991262,0.91583586,2.2756875,-0.277272,0.84284693,0.47892332,2.199831,-0.17644589,2.1914022
images/chris_kill/frame_0236.jpg,9,0.6338099,0.5944637,-0.3656594,0.6270373,0.8613309,1.4006546,-0.40628815,1.3192213,0.91008556,2.1742713,-0.18689261,0.7899042,0.47129443,2.1009815,-0.16251509,2.0602653
images/chris_kill/frame_0237.jpg,9,0.6474536,0.6067914,-0.3524119,0.6231911,0.87693065,1.4103796,-0.40158558,1.3119813,0.9097134,2.1893685,-0.09015169,0.7953884,0.4671502,2.1073694,-0.17210811,2.0581703
images/chris_kill/frame_0238.jpg,9,0.6612901,0.6064163,-0.3387099,0.6064163,0.8790325,1.4230568,-0.35483876,1.277517,0.91129065,2.1830988,-0.016128866,0.8328116,0.48387134,2.1022432,-0.12903216,2.045644
images/chris_kill/frame_0239.jpg,9,0.6747746,0.6096502,-0.32519233,0.6015217,0.8942793,1.4225172,-0.32519233,1.2680726,0.9186688,2.1947405,0.06503855,0.82099557,0.49591887,2.1053255,-0.13007668,2.0565534
images/chris_kill/frame_0240.jpg,9,0.69345737,0.5827899,-0.30641156,0.5666015,0.91117084,1.3922204,-0.29028478,1.1979575,0.92729765,2.153085,0.11288823,0.8499021,0.49993446,2.0235765,-0.11288864,2.015482
images/chris_kill/frame_0241.jpg,9,0.6997209,0.6066665,-0.29875702,0.5515149,0.8805474,1.3630303,-0.27517083,1.1424241,0.8962714,2.1036363,0.28303343,0.7642426,0.48744568,1.9696966,-0.11793012,1.961818
images/chris_kill/frame_0242.jpg,9,0.7098685,0.59528357,-0.28862724,0.540455,0.8892856,1.3550534,-0.23402236,1.120073,0.8892856,2.091325,0.31983098,0.80676574,0.4992481,1.9581696,-0.08580783,1.9425042
images/chris_kill/frame_0243.jpg,9,0.7176719,0.5944582,-0.28082806,0.5397057,0.88928896,1.3609965,-0.20282018,1.1028767,0.89709044,2.0884259,0.35103527,0.8212909,0.5148517,2.0102074,-0.08580855,1.9554547
images/chris_kill/frame_0244.jpg,9,0.7072235,0.58510286,-0.29264444,0.56885004,0.9104484,1.4058726,-0.19509684,1.1539531,0.9185772,2.1697567,0.43896604,0.812643,0.52025634,2.0316074,-0.08129028,2.023481
images/chris_kill/frame_0245.jpg,9,0.71690077,0.61310446,-0.28192714,0.5647016,0.91827744,1.3956194,-0.21748681,1.1616716,0.91827744,2.1539328,0.43497363,0.79864913,0.51552415,2.0087237,-0.104715556,2.0087237
images/chris_kill/frame_0246.jpg,9,0.7154468,0.6061166,-0.28303397,0.5510151,0.888412,1.3696663,-0.22799939,1.1413888,0.888412,2.1017292,0.3302063,0.8343944,0.50317115,1.9757831,-0.09434506,1.9679116
images/chris_kill/frame_0247.jpg,9,0.68720853,0.62328,-0.3116414,0.57533544,0.88697827,1.3983848,-0.2636967,1.182634,0.88697827,2.1495166,0.2716868,0.8630029,0.4874388,2.0136733,-0.10388074,2.005683
images/chris_kill/frame_0248.jpg,9,0.67996323,0.63038677,-0.31950045,0.5976396,0.9093481,1.4408844,-0.31130823,1.2362132,0.9093481,2.2104475,0.1474619,0.90055287,0.49153942,2.0712712,-0.114692226,2.0630846
images/chris_kill/frame_0249.jpg,9,0.68236154,0.64262486,-0.31681105,0.6019524,0.8854461,1.4316708,-0.34118077,1.2771152,0.90169215,2.1963131,0.13809703,0.83785284,0.49552467,2.0824301,-0.121850565,2.0661607
images/chris_kill/frame_0250.jpg,9,0.67192656,0.65777147,-0.32776916,0.63310504,0.88497657,1.4553194,-0.4015172,1.2990988,0.89317113,2.2199788,0.024582822,0.8386585,0.47526526,2.0802026,-0.1474961,2.0802026
images/chris_kill/frame_0251.jpg,9,0.6557155,0.65733206,-0.34425074,0.64911526,0.8606264,1.4461305,-0.43441164,1.3146641,0.8770198,2.2267118,-0.057374984,0.82988185,0.46719718,2.0788124,-0.1557324,2.0705957
images/chris_kill/frame_0252.jpg,9,0.64227635,0.6443429,-0.35772368,0.6443429,0.8455284,1.4354988,-0.50406533,1.3539361,0.86178905,2.2103415,-0.17073175,0.8237804,0.4634147,2.0798419,-0.15447156,2.0635288
images/chris_kill/frame_0253.jpg,9,0.6391516,0.65512455,-0.36054668,0.6305574,0.8440081,1.4412738,-0.5408204,1.3675725,0.8603966,2.2110453,-0.3195758,0.96630865,0.45887822,2.1373436,-0.1638848,2.0882094
images/chris_kill/frame_0254.jpg,9,0.6575198,0.68315136,-0.3415682,0.64045435,0.87099963,1.5029333,-0.5721271,1.434618,0.8966175,2.305636,-0.32448992,1.0247271,0.47819617,2.2031631,-0.1707841,2.194624
images/chris_kill/frame_0255.jpg,9,0.6489018,0.6723629,-0.34940863,0.6142577,0.84024405,1.4692377,-0.55739003,1.3862299,0.865202,2.282714,-0.5989859,1.9589837,0.45755872,2.1582024,-0.17470431,2.149901
images/chris_kill/frame_0256.jpg,9,0.6409209,0.6672728,-0.35332808,0.5601797,0.84634495,1.4663528,-0.5587517,1.3839732,0.85456145,2.248957,-0.46836513,0.70022464,0.46014857,2.1418636,-0.16433881,2.1253874
images/chris_kill/frame_0257.jpg,9,0.62704545,0.6700505,-0.37127656,0.61214495,0.83331007,1.4890013,-0.54453903,1.4145514,0.8498111,2.2665908,-0.55278957,0.6948671,0.43728194,2.1755962,-0.18976353,2.1259625
images/chris_kill/frame_0258.jpg,9,0.6322594,0.6819491,-0.3660447,0.62373394,0.82360077,1.4886448,-0.5490675,1.4137969,0.84855825,2.2703915,-0.59066343,0.70689857,0.43259817,2.1705937,-0.20797984,2.1290116
images/chris_kill/frame_0259.jpg,9,0.6273279,0.67720133,-0.37144372,0.6276498,0.8171771,1.4700226,-0.52827567,1.4122125,0.83368534,2.287619,-0.5943102,0.7102354,0.43747866,2.1554823,-0.20635743,2.1389654
images/chris_kill/frame_0260.jpg,9,0.63278073,0.67649835,-0.366347,0.634739,0.8242801,1.4949776,-0.53286785,1.4281629,0.8492582,2.2884011,-0.5911504,0.71825707,0.4246291,2.1464205,-0.21647792,2.1297164
images/chris_kill/frame_0261.jpg,9,0.6289377,0.6880313,-0.37047037,0.6536297,0.852943,1.5566711,-0.5427818,1.4706671,0.8701744,2.3651085,-0.5944757,0.7224331,0.43939486,2.2275019,-0.21539001,2.2103007
images/chris_kill/frame_0262.jpg,9,0.6539905,0.6947849,-0.34376466,0.6278175,0.8384494,1.5067623,-0.51145434,1.431424,0.8636025,2.301998,-0.51983875,0.7115265,0.44437805,2.2015474,-0.20961288,2.1931763
images/chris_kill/frame_0263.jpg,9,0.62642133,0.6677338,-0.3660907,0.5455871,0.82166994,1.4494705,-0.4881209,1.3680395,0.8379406,2.2149212,-0.46371478,0.69216293,0.43930864,2.1416333,-0.20338413,2.1334906
images/chris_kill/frame_0264.jpg,9,0.66415787,0.68027705,-0.3278753,0.5543001,0.84911275,1.4949305,-0.5044237,1.3521558,0.8743338,2.292786,-0.37831786,0.71387124,0.4539811,2.1920047,-0.2017699,2.1584103
images/chris_kill/frame_0265.jpg,9,0.6445396,0.6450394,-0.3553236,0.6285,0.8511226,1.4802827,-0.44622007,1.3479667,0.85938615,2.2576382,-0.27269024,0.8435131,0.44621924,2.117052,-0.17353027,2.1087825
images/chris_kill/frame_0266.jpg,9,0.64427644,0.6608592,-0.35517755,0.6278163,0.85077524,1.4704121,-0.43777722,1.3382401,0.8590351,2.2551827,-0.21475866,0.7765098,0.4625573,2.1643147,-0.17345883,2.11475
images/chris_kill/frame_0267.jpg,9,0.65831035,0.6438008,-0.34165478,0.63543963,0.8666365,1.4882663,-0.43331847,1.346129,0.8833026,2.2825656,-0.15832779,0.8611879,0.45831767,2.1487894,-0.16666085,2.1237059
images/chris_kill/frame_0268.jpg,9,0.66337395,0.6573458,-0.33578184,0.61626136,0.85992974,1.4708108,-0.4094899,1.2982577,0.8763092,2.2431922,-0.040949117,0.8381158,0.46681893,2.1445904,-0.16379605,2.0870724
images/chris_kill/frame_0269.jpg,9,0.6635751,0.64954853,-0.33588392,0.6166601,0.8683822,1.471762,-0.3686529,1.2497643,0.8847667,2.2446427,0.00819225,0.83865774,0.45876765,2.1541991,-0.14746132,2.0966444
images/chris_kill/frame_0270.jpg,9,0.6775934,0.6199922,-0.32226992,0.6034589,0.88417655,1.471448,-0.3387967,1.206918,0.9007038,2.256771,0.11568635,0.84318894,0.47100985,2.1575723,-0.15700315,2.0997064
images/chris_kill/frame_0271.jpg,9,0.69130874,0.6584356,-0.3054622,0.5781386,0.8601168,1.437317,-0.2893853,1.1241583,0.8681554,2.1921093,0.22507754,0.8110001,0.4581929,2.0475743,-0.14469285,2.031515
images/chris_kill/frame_0272.jpg,9,0.7092454,0.65514344,-0.2868853,0.5672584,0.8686266,1.43013,-0.25500938,1.1025585,0.8686266,2.1731584,0.2868857,0.8149346,0.47814324,2.0373363,-0.1195354,2.0133677
images/chris_kill/frame_0273.jpg,9,0.68871224,0.64291215,-0.308733,0.5714775,0.8549527,1.4128196,-0.22957088,1.1032693,0.8391202,2.158915,0.3403976,0.80959314,0.4670572,2.0160458,-0.13457586,2.0001717
images/chris_kill/frame_0274.jpg,9,0.70076334,0.6624887,-0.294639,0.5667072,0.86002785,1.4287403,-0.20704329,1.1174507,0.8520648,2.1790283,0.3424186,0.8221242,0.46983004,2.0273743,-0.12741144,2.0114107
images/chris_kill/frame_0275.jpg,9,0.70499057,0.65647197,-0.29171982,0.5754262,0.86705726,1.4831402,-0.22689305,1.1427476,0.86705726,2.2125537,0.38896057,0.81856364,0.4699937,2.0666711,-0.14585991,2.0504618
images/chris_kill/frame_0276.jpg,9,0.68533707,0.671182,-0.31079286,0.5832892,0.8367491,1.4622182,-0.27094755,1.1426077,0.8367491,2.189332,0.27094713,0.8309872,0.44626603,2.0534978,-0.15141203,2.037517
images/chris_kill/frame_0277.jpg,9,0.66759413,0.66842747,-0.32977572,0.59594756,0.8284603,1.4576555,-0.31368902,1.2160552,0.8284603,2.2146702,0.23325598,0.83754754,0.45042488,2.0777626,-0.1608665,2.0536034
images/chris_kill/frame_0278.jpg,9,0.6567777,0.67356914,-0.3405515,0.6005316,0.8189447,1.4769831,-0.36487684,1.233524,0.8270534,2.2317047,0.105408855,0.8439901,0.45406866,2.0856292,-0.17838447,2.0693984
images/chris_kill/frame_0279.jpg,9,0.6539572,0.68731326,-0.3433276,0.61367255,0.8337954,1.5300901,-0.40054908,1.2928035,0.8256212,2.2583148,-0.008174616,0.850959,0.44142133,2.160127,-0.19618745,2.102851
images/chris_kill/frame_0280.jpg,9,0.6328117,0.68085533,-0.36508378,0.61601186,0.78695774,1.475187,-0.44621322,1.2968676,0.79507095,2.228991,-0.089243054,0.8267529,0.42187434,2.1398313,-0.20282456,2.0830936
images/chris_kill/frame_0281.jpg,9,0.61657304,0.67604053,-0.38130176,0.61088,0.77882904,1.5149823,-0.5111068,1.311356,0.77882904,2.2561836,-0.17848147,0.84708685,0.38941473,2.1340075,-0.25149673,2.093282
images/chris_kill/frame_0282.jpg,9,0.6052585,0.662231,-0.39260024,0.5968255,0.7770216,1.5206786,-0.5561835,1.3326378,0.7852005,2.2891936,-0.26991266,0.83392036,0.39259982,2.1420314,-0.23719625,2.0848012
images/chris_kill/frame_0283.jpg,9,0.62007,0.69704443,-0.37706953,0.6214612,0.7792772,1.5536528,-0.60331124,1.4108849,0.7876561,2.3514743,-0.36869058,0.96578443,0.37706953,2.19191,-0.25137982,2.1835122
images/chris_kill/frame_0284.jpg,9,0.61268026,0.71511686,-0.38292527,0.6214707,0.78287,1.5749601,-0.6467183,1.4387473,0.7913791,2.3922367,-0.69777495,1.8984652,0.38292527,2.2389967,-0.26379302,2.2219708
images/chris_kill/frame_0285.jpg,9,0.5830451,0.67928815,-0.41299057,0.59033394,0.7450023,1.5041388,-0.63163245,1.3747506,0.75310004,2.2723815,-0.5425559,0.71163553,0.34820768,2.1349063,-0.2591311,2.1106465
images/chris_kill/frame_0286.jpg,9,0.5626809,0.66872406,-0.4340681,0.5881548,0.739523,1.4905294,-0.6511022,1.4099605,0.739523,2.2559369,-0.61091065,0.72512245,0.34564644,2.1270263,-0.27330244,2.1028554
images/chris_kill/frame_0287.jpg,9,0.5686727,0.69328624,-0.4285646,0.6190056,0.7417469,1.5268803,-0.67581403,1.4195858,0.7499884,2.310954,-0.6675725,0.7345532,0.35439023,2.1788995,-0.28845692,2.1706462
images/chris_kill/frame_0288.jpg,9,0.5692897,0.65389764,-0.42903036,0.59595734,0.74255157,1.4898933,-0.6600462,1.4071214,0.7673034,2.2762258,-0.684798,0.7118379,0.35477492,2.1520681,-0.2805195,2.135514
images/chris_kill/frame_0289.jpg,9,0.549581,0.7031134,-0.44812006,0.6353433,0.73559296,1.5248237,-0.69331783,1.4739962,0.76941353,2.3550055,-0.71868306,0.770883,0.3466587,2.2364082,-0.2959287,2.2025235
images/chris_kill/frame_0290.jpg,9,0.54074806,0.68179744,-0.45755678,0.6235952,0.7404089,1.4883143,-0.673856,1.4550557,0.75704765,2.3114598,-0.6988139,0.7566291,0.34108716,2.1784265,-0.29949218,2.161797
images/chris_kill/frame_0291.jpg,9,0.5407436,0.68355066,-0.4575525,0.6251989,0.7404036,1.4838051,-0.66553074,1.4671329,0.7570418,2.3090675,-0.66553074,0.7752464,0.349404,2.1840274,-0.29948848,2.1590202
images/chris_kill/frame_0292.jpg,9,0.5318338,0.6910137,-0.46535504,0.61608464,0.73127156,1.4985834,-0.6647927,1.4319799,0.76451075,2.3228045,-0.6315531,0.77426815,0.34070605,2.1979222,-0.3157772,2.172946
images/chris_kill/frame_0293.jpg,9,0.5560056,0.6965074,-0.43982607,0.6052981,0.7385748,1.4842241,-0.6389922,1.409598,0.7717694,2.2968156,-0.5145134,0.77942497,0.34024262,2.180731,-0.29874954,2.1724393
images/chris_kill/frame_0294.jpg,9,0.55834234,0.69303155,-0.43990612,0.63387024,0.761376,1.5128372,-0.6344804,1.428321,0.7952148,2.3157396,-0.6936981,1.8931592,0.36376843,2.2143202,-0.29609096,2.2143202
images/chris_kill/frame_0295.jpg,9,0.5403294,0.680075,-0.4584615,0.63091296,0.7368128,1.4748615,-0.58126354,1.3929248,0.7695599,2.2532609,-0.36840618,0.8521421,0.36022002,2.16313,-0.2865387,2.1057742
images/chris_kill/frame_0296.jpg,9,0.5439302,0.6645077,-0.45594168,0.64849544,0.74390453,1.433095,-0.5439302,1.3530341,0.7679015,2.1936762,-0.28796327,0.90469134,0.36795235,2.0575724,-0.26396587,2.0415604
images/chris_kill/frame_0297.jpg,9,0.5702283,0.67853695,-0.4297374,0.6702621,0.7768325,1.481196,-0.5123788,1.3653485,0.8016253,2.2673063,-0.16528371,0.8605833,0.38841647,2.126634,-0.24792556,2.101809
images/chris_kill/frame_0298.jpg,9,0.5770635,0.6432336,-0.42263818,0.61880714,0.78025436,1.4574531,-0.46327636,1.3027515,0.8046378,2.2146776,-0.08940415,0.84678876,0.38199958,2.133255,-0.24382947,2.084402
images/chris_kill/frame_0299.jpg,9,0.5736932,0.6319904,-0.42617202,0.61557525,0.803171,1.4691727,-0.4425633,1.2557733,0.803171,2.232486,-0.04097782,0.9192588,0.39338982,2.1422014,-0.2458686,2.0929549
images/chris_kill/frame_0300.jpg,9,0.6064328,0.66168827,-0.39098987,0.58993894,0.7819793,1.4270148,-0.39098987,1.1958222,0.7979379,2.1604528,0.07979355,0.8689644,0.39896896,2.0488422,-0.2074642,2.0328982
images/chris_kill/frame_0301.jpg,9,0.60786897,0.6557097,-0.3896601,0.58545506,0.76373297,1.3972858,-0.35848728,1.155298,0.779319,2.131056,0.20262246,0.8274432,0.3974523,2.0451891,-0.19482985,1.998353
images/chris_kill/frame_0302.jpg,9,0.6277173,0.66237944,-0.3701925,0.5977571,0.820861,1.4378484,-0.33800155,1.163203,0.820861,2.1971614,0.20923854,0.9047137,0.42652556,2.0679169,-0.18509606,2.0598388
images/chris_kill/frame_0303.jpg,9,0.63080645,0.63272756,-0.3686532,0.5998586,0.8274219,1.4462342,-0.311307,1.1668483,0.83561397,2.2186549,0.22938436,0.9203308,0.43419185,2.0789626,-0.17203817,2.0789626
images/chris_kill/frame_0304.jpg,9,0.63061494,0.64093345,-0.3685407,0.599848,0.82716995,1.4544262,-0.31121242,1.1750451,0.83536,2.2186158,0.23750445,0.9120981,0.43405947,2.0789256,-0.18836538,2.0789256
images/chris_kill/frame_0305.jpg,9,0.6328104,0.6649418,-0.3650831,0.6000694,0.81940854,1.451519,-0.32451826,1.2001388,0.82752156,2.2056608,0.25150165,0.90821326,0.4299867,2.0678067,-0.18659808,2.0678067
images/chris_kill/frame_0306.jpg,9,0.6333027,0.6421345,-0.36414877,0.5707863,0.7995439,1.3952554,-0.33248368,1.1574279,0.7995439,2.156304,0.24540474,0.8165416,0.4353956,2.0215352,-0.16624205,2.0136075
images/chris_kill/frame_0307.jpg,9,0.61658615,0.66444594,-0.38131052,0.5996219,0.81129795,1.450437,-0.38131052,1.231656,0.81941104,2.204016,0.21905027,0.8427121,0.42998785,2.0743678,-0.18659912,2.0662646
images/chris_kill/frame_0308.jpg,9,0.606759,0.6544566,-0.3912005,0.59060717,0.7903833,1.4206504,-0.41515133,1.229102,0.79836714,2.1708813,0.0,0.90187365,0.40716705,2.051164,-0.21555933,2.035201
images/chris_kill/frame_0309.jpg,9,0.58332497,0.64891213,-0.41551915,0.60084456,0.77510357,1.4260043,-0.44748193,1.2737905,0.7830944,2.1790624,-0.079907104,0.8812389,0.3915472,2.0909388,-0.23173134,2.0348601
images/chris_kill/frame_0310.jpg,9,0.6011299,0.6415555,-0.3980454,0.6009506,0.7798442,1.429288,-0.47927862,1.2831111,0.80421406,2.184537,-0.10560391,0.80397445,0.4061691,2.0627224,-0.2193311,2.0383599
images/chris_kill/frame_0311.jpg,9,0.5899854,0.63985693,-0.40971175,0.6152471,0.786647,1.4355766,-0.5080428,1.3043237,0.7948413,2.206686,-0.20485587,0.8203295,0.39332372,2.1082468,-0.23763275,2.0508237
images/chris_kill/frame_0312.jpg,9,0.5650977,0.6479561,-0.4340611,0.6069462,0.76165396,1.4435477,-0.5814778,1.3615279,0.7698434,2.2227356,-0.31940344,0.8283998,0.37673163,2.1325135,-0.26207438,2.1161098
images/chris_kill/frame_0313.jpg,9,0.5725317,0.68143207,-0.425309,0.61575186,0.75247014,1.4695942,-0.58888954,1.3957042,0.7770071,2.2413363,-0.37623465,0.84563243,0.37623507,2.1592367,-0.25354934,2.1099765
images/chris_kill/frame_0314.jpg,9,0.56966037,0.69730407,-0.42511946,0.5952596,0.7652145,1.51366,-0.6376792,1.4371266,0.790722,2.313009,-0.4931383,0.7738374,0.36560297,2.2279716,-0.280579,2.2279716
images/chris_kill/frame_0315.jpg,9,0.5453936,0.6995827,-0.45165426,0.6227993,0.75843847,1.5100749,-0.65617704,1.4332914,0.7669601,2.3120353,-0.60504633,0.7081141,0.34939328,2.22672,-0.2897405,2.218189
images/chris_kill/frame_0316.jpg,9,0.5457284,0.70080936,-0.45193157,0.63243777,0.75037664,1.5212694,-0.6480525,1.4528974,0.7674309,2.3246362,-0.6224718,0.72644883,0.34960786,2.2306252,-0.29844555,2.1708002
images/chris_kill/frame_0317.jpg,9,0.5468077,0.7139837,-0.45133305,0.65303385,0.76379466,1.5498672,-0.6596411,1.4889175,0.7811534,2.3683364,-0.6683205,0.74881214,0.35585883,2.281265,-0.30378184,2.2203152
images/chris_kill/frame_0318.jpg,9,0.54988116,0.6935401,-0.44836476,0.63433534,0.74445415,1.4970317,-0.6175587,1.4462848,0.76983327,2.2920654,-0.6344781,0.7104556,0.3637674,2.2159448,-0.2960898,2.1990294
images/chris_kill/frame_0319.jpg,9,0.54181707,0.70508546,-0.4558142,0.63629675,0.7396236,1.5305516,-0.6450199,1.47896,0.7826248,2.3388197,-0.61061907,0.72228277,0.34401098,2.2614326,-0.3010089,2.209841
images/chris_kill/frame_0320.jpg,9,0.5286786,0.6655511,-0.46898893,0.59728944,0.76743627,1.518822,-0.622476,1.4420274,0.7930176,2.3208964,-0.55425954,0.72528005,0.35813695,2.2355692,-0.28992045,2.1758401
images/chris_kill/frame_0321.jpg,9,0.54167336,0.6683976,-0.4570373,0.61763334,0.7617285,1.5060102,-0.592456,1.4214029,0.7955833,2.3013194,-0.67709243,1.9205859,0.36393687,2.2251725,-0.28776428,2.2167113
images/chris_kill/frame_0322.jpg,9,0.50804776,0.6307823,-0.4919195,0.62269515,0.72578275,1.4394772,-0.5483695,1.3586078,0.7580397,2.1915638,-0.35482764,0.7439994,0.33063418,2.0783465,-0.28224933,2.0702596
images/chris_kill/frame_0323.jpg,9,0.52419406,0.6361002,-0.47580597,0.6361002,0.7338709,1.4412898,-0.49999958,1.3446674,0.7661295,2.1901171,-0.27419323,0.7568787,0.34677452,2.0773902,-0.2661287,2.0612862
images/chris_kill/frame_0324.jpg,9,0.53656745,0.6329813,-0.46339956,0.6410964,0.74794286,1.4526105,-0.4959183,1.3308837,0.78859204,2.215434,-0.2032454,0.8277444,0.35771206,2.0937073,-0.26828372,2.0774767
images/chris_kill/frame_0325.jpg,9,0.53656787,0.6352627,-0.46339902,0.6271184,0.7642029,1.4578462,-0.47965857,1.311247,0.7885922,2.2152743,-0.113816895,0.8225837,0.35771188,2.158264,-0.2764133,2.1338308
images/chris_kill/frame_0326.jpg,9,0.5447158,0.6416667,-0.45528415,0.6416667,0.7723575,1.4620253,-0.43089396,1.3077003,0.7967481,2.2255273,-0.048779972,0.85284823,0.36585373,2.1524258,-0.2520327,2.1036918
images/chris_kill/frame_0327.jpg,9,0.5528273,0.6352056,-0.44713953,0.6270622,0.7723322,1.4495722,-0.41462016,1.2459801,0.7967214,2.2150762,0.03251935,0.87951547,0.36584136,2.0929215,-0.25202423,2.0847776
images/chris_kill/frame_0328.jpg,9,0.57392967,0.66139853,-0.42455024,0.6062819,0.75475657,1.4172828,-0.36951593,1.1889428,0.7704813,2.1495452,0.17296512,0.8424958,0.36951673,2.0393128,-0.22799945,2.0235648
images/chris_kill/frame_0329.jpg,9,0.57336354,0.668023,-0.4241318,0.5972911,0.73830354,1.4224961,-0.36129725,1.1395686,0.75401217,2.1219556,0.15708606,0.8880778,0.35344332,2.0197873,-0.2434832,2.0119283
images/chris_kill/frame_0330.jpg,9,0.57870555,0.6440052,-0.42015594,0.5963011,0.75310963,1.4311228,-0.3329537,1.144898,0.7610369,2.1625855,0.23782425,0.850723,0.35673618,2.0353744,-0.24575147,2.0274239
images/chris_kill/frame_0331.jpg,9,0.58611333,0.66751504,-0.41186386,0.6039421,0.75244254,1.4303894,-0.31681827,1.1443114,0.7682834,2.1694236,0.27721533,0.85028696,0.36434066,2.042278,-0.22969332,2.0343316
images/chris_kill/frame_0332.jpg,9,0.57211244,0.65499115,-0.42706987,0.61455953,0.7655026,1.4636221,-0.33037484,1.172515,0.7816183,2.1994767,0.2659116,0.87332135,0.3706645,2.0781815,-0.22562192,2.0781815
images/chris_kill/frame_0333.jpg,9,0.56405693,0.65317196,-0.4351299,0.61285293,0.7574477,1.4514934,-0.33843434,1.201514,0.7655054,2.2014318,0.22562261,0.8628322,0.37066537,2.0724099,-0.2336811,2.0643466
images/chris_kill/frame_0334.jpg,9,0.55979747,0.6882103,-0.43810257,0.62343746,0.7463962,1.4654831,-0.3731983,1.2225851,0.7545094,2.218466,0.19471192,0.8663351,0.35697234,2.0808237,-0.2515034,2.0808237
images/chris_kill/frame_0335.jpg,9,0.5406919,0.6647438,-0.45876917,0.631917,0.7536916,1.4690021,-0.4178076,1.2474208,0.7536916,2.2486398,0.008192314,0.92735887,0.3604614,2.1091259,-0.25396132,2.1009192
images/chris_kill/frame_0336.jpg,9,0.5326251,0.65675503,-0.46707165,0.63212675,0.7538694,1.4776988,-0.4506832,1.2806727,0.7538694,2.249386,-0.008194437,0.8702006,0.36054605,2.142663,-0.26221573,2.1098256
images/chris_kill/frame_0337.jpg,9,0.52739036,0.6726776,-0.47145468,0.62462896,0.7191687,1.4414515,-0.47944543,1.2812903,0.7191687,2.1942093,-0.111870915,0.8328387,0.3356119,2.1141288,-0.27967668,2.0580726
images/chris_kill/frame_0338.jpg,9,0.5318255,0.66905636,-0.46736196,0.6287515,0.7171591,1.4509653,-0.4995939,1.3058686,0.7252168,2.2086916,-0.16115938,0.7657872,0.33037645,2.079717,-0.27397102,2.0635946
images/chris_kill/frame_0339.jpg,9,0.52772963,0.6643539,-0.47175768,0.63233674,0.7116351,1.4407673,-0.50374126,1.3207035,0.7196315,2.1931682,-0.2558686,0.76040506,0.33582819,2.0570958,-0.2798562,2.0490916
images/chris_kill/frame_0340.jpg,9,0.5079154,0.63762814,-0.49179143,0.61341447,0.7094692,1.4447527,-0.5482265,1.3075414,0.725594,2.2034497,-0.33861026,0.71834075,0.3305483,2.0743096,-0.28217563,2.0662386
images/chris_kill/frame_0341.jpg,9,0.5351642,0.7054714,-0.4587124,0.59497577,0.7390366,1.5214385,-0.60312164,1.4279423,0.7645208,2.3204057,-0.45021766,0.8754644,0.34828168,2.235409,-0.2973137,2.1929107
images/chris_kill/frame_0342.jpg,9,0.54134613,0.69965166,-0.4497341,0.5663848,0.71624243,1.499254,-0.61630213,1.3993039,0.741228,2.2738693,-0.5246896,0.69965166,0.33313602,2.198906,-0.29149434,2.148931
images/chris_kill/frame_0343.jpg,9,0.5414745,0.72241694,-0.4555254,0.6450148,0.7477504,1.5566363,-0.6274219,1.4620343,0.76493984,2.365055,-0.5844478,0.67941564,0.35238814,2.2704532,-0.30941358,2.2188513
images/chris_kill/frame_0344.jpg,9,0.54650575,0.7199337,-0.45108375,0.65054256,0.7546982,1.5526283,-0.63325214,1.4658895,0.7807223,2.3593013,-0.6072281,0.6678904,0.3556626,2.2812366,-0.30361405,2.2552145
images/chris_kill/frame_0345.jpg,9,0.54681623,0.7196347,-0.45134026,0.65894264,0.74644804,1.5519835,-0.6249331,1.4739509,0.7811665,2.358321,-0.6162532,0.6676131,0.34718525,2.280289,-0.31246635,2.262948
images/chris_kill/frame_0346.jpg,9,0.5378275,0.7122834,-0.4597551,0.64279234,0.74601835,1.5548623,-0.6419218,1.4766847,0.78939086,2.3626962,-0.58987445,0.6688516,0.3469855,2.2932045,-0.30361164,2.2845187
images/chris_kill/frame_0347.jpg,9,0.5446082,0.6890921,-0.45100352,0.59551144,0.7573455,1.5313158,-0.5786458,1.4292278,0.79138356,2.3224955,-0.51907927,0.7231213,0.35739887,2.2459295,-0.2978323,2.2289147
images/chris_kill/frame_0348.jpg,9,0.540431,0.66789436,-0.4559888,0.5833508,0.75153685,1.5133302,-0.5488756,1.3780602,0.7853136,2.3080397,-0.4644329,0.72707474,0.36310205,2.2319505,-0.29554844,2.189679
images/chris_kill/frame_0349.jpg,9,0.5245724,0.6493916,-0.47539386,0.64117163,0.7294835,1.4714062,-0.50817966,1.3398837,0.77866197,2.2441,-0.35244703,0.7151526,0.35244703,2.1125777,-0.27048272,2.1043575
images/chris_kill/frame_0350.jpg,9,0.52845526,0.6416991,-0.47154474,0.6416991,0.7317077,1.4377311,-0.487805,1.3240118,0.7723575,2.2175176,-0.28455254,0.7229266,0.3495932,2.1037982,-0.26016256,2.0956755
images/chris_kill/frame_0351.jpg,9,0.5365853,0.64476377,-0.46341473,0.64476377,0.7398375,1.4527587,-0.4796746,1.3303354,0.7723577,2.228108,-0.1869915,0.718218,0.36585367,2.1628149,-0.26016247,2.0975227
images/chris_kill/frame_0352.jpg,9,0.53278667,0.6397217,-0.4672133,0.6397217,0.7459015,1.4680794,-0.4672133,1.3204513,0.77868843,2.239026,-0.11475373,0.78734994,0.36065546,2.0995998,-0.2622952,2.0913982
images/chris_kill/frame_0353.jpg,9,0.53224075,0.6385699,-0.4677265,0.6304866,0.74191105,1.4549693,-0.45159775,1.2933058,0.76610404,2.2147868,-0.07257803,0.84873223,0.35482717,2.0935392,-0.2580558,2.077373
images/chris_kill/frame_0354.jpg,9,0.54543626,0.6456235,-0.4545295,0.63734645,0.77683264,1.465069,-0.42973742,1.2829702,0.78509724,2.26796,0.0,0.88566303,0.37188777,2.1355243,-0.24792518,2.1272473
images/chris_kill/frame_0355.jpg,9,0.56385237,0.6704952,-0.43497232,0.62202555,0.7491182,1.4540861,-0.4027518,1.2198169,0.7652286,2.2134423,0.048330165,0.9128432,0.37053168,2.1245813,-0.23359601,2.0761116
images/chris_kill/frame_0356.jpg,9,0.5778895,0.67363435,-0.4195636,0.60230803,0.7441313,1.4344445,-0.35623315,1.1887662,0.75204766,2.1714792,0.20582362,0.85591143,0.35623315,2.0446777,-0.23748904,2.0367527
images/chris_kill/frame_0357.jpg,9,0.5844885,0.66378534,-0.41303858,0.5935021,0.73255867,1.4212813,-0.3117275,1.1323396,0.748145,2.1397314,0.28834736,0.8512067,0.35848615,2.0147839,-0.23379572,2.0069737
images/chris_kill/frame_0358.jpg,9,0.5844183,0.66626793,-0.4139629,0.6093914,0.76299024,1.4706644,-0.31655973,1.1700319,0.7792242,2.2263098,0.28409213,0.9262751,0.38149533,2.0881813,-0.22727354,2.0800557
images/chris_kill/frame_0359.jpg,9,0.57468086,0.6665595,-0.42476365,0.63323134,0.7828985,1.5080904,-0.29983315,1.2164711,0.7995556,2.2912982,0.31649107,0.94984686,0.39144945,2.141322,-0.21654598,2.1329901
images/chris_kill/frame_0360.jpg,9,0.57346237,0.65517044,-0.42600095,0.6224118,0.77007914,1.482323,-0.29492366,1.1874962,0.7864637,2.243959,0.31130865,0.925428,0.38503936,2.104735,-0.22938503,2.0965455
images/chris_kill/frame_0361.jpg,9,0.5671102,0.66341424,-0.4313233,0.6074636,0.7428347,1.4387301,-0.30352387,1.1749628,0.75880927,2.182074,0.34346145,0.85524493,0.3674236,2.0541868,-0.22364916,2.0461936
images/chris_kill/frame_0362.jpg,9,0.5745078,0.6794638,-0.42290103,0.60752076,0.7420722,1.4468579,-0.32714966,1.1670789,0.7580308,2.190271,0.29523337,0.8633188,0.36704686,2.0543785,-0.23937799,2.0543785
images/chris_kill/frame_0363.jpg,9,0.56653017,0.6790149,-0.43088204,0.60711944,0.73409534,1.4459023,-0.36704788,1.1982616,0.75005406,2.1888247,0.17554456,0.8947022,0.3590681,2.0530214,-0.2473581,2.0450337
images/chris_kill/frame_0364.jpg,9,0.5445425,0.6853936,-0.45378548,0.6275892,0.7425582,1.4781381,-0.42903343,1.2551786,0.76730984,2.2626245,0.15676238,0.8835795,0.3465268,2.1305003,-0.27227145,2.1222425
images/chris_kill/frame_0365.jpg,9,0.54081964,0.65622133,-0.4588775,0.6316129,0.75386983,1.4764982,-0.45068312,1.2632262,0.7620638,2.2475588,-0.02458273,0.92691296,0.36054617,2.1163142,-0.26221564,2.1081114
images/chris_kill/frame_0366.jpg,9,0.5355697,0.66511244,-0.4636273,0.625045,0.72741526,1.4424124,-0.4876081,1.2821444,0.7354083,2.195672,-0.07993584,0.85743415,0.34372336,2.0754712,-0.27178177,2.0594444
images/chris_kill/frame_0367.jpg,9,0.53132564,0.6601809,-0.4678833,0.6204109,0.7057904,1.4317174,-0.50753456,1.2805917,0.72165096,2.1793919,-0.111023255,0.77153665,0.32513928,2.03622,-0.27755794,2.0282664
images/chris_kill/frame_0368.jpg,9,0.53147817,0.6580298,-0.46801886,0.6263175,0.71392554,1.4270526,-0.52354604,1.3002033,0.7218585,2.1722908,-0.24590829,0.81659114,0.3331653,2.0454419,-0.27763814,2.029586
images/chris_kill/frame_0369.jpg,9,0.53538406,0.66303444,-0.4634667,0.6151043,0.71118146,1.4379061,-0.57533777,1.3100921,0.727163,2.188813,-0.31963205,0.8228016,0.33561406,2.05301,-0.28766888,2.045022
images/chris_kill/frame_0370.jpg,9,0.5278298,0.67287034,-0.47098652,0.62422925,0.7064797,1.4511305,-0.60903454,1.3700616,0.7227211,2.2131763,-0.40602314,0.7863666,0.32481802,2.1321075,-0.28421608,2.1158938
images/chris_kill/frame_0371.jpg,9,0.5429709,0.6951553,-0.45108405,0.5862754,0.72674584,1.5075655,-0.6348586,1.3819348,0.7518062,2.2948492,-0.41767058,0.8710379,0.33413562,2.1608438,-0.2923694,2.1524684
images/chris_kill/frame_0372.jpg,9,0.51650095,0.6776962,-0.47614938,0.55667907,0.6859778,1.4441384,-0.6133451,1.3553923,0.7101888,2.2025127,-0.55685294,0.6776962,0.31474262,2.1218352,-0.2986025,2.105699
images/chris_kill/frame_0373.jpg,9,0.53750205,0.71604735,-0.4607161,0.65637666,0.7337331,1.534387,-0.63988316,1.457668,0.75079626,2.335678,-0.63988316,0.7245715,0.3242078,2.250434,-0.34127095,2.2333856
images/chris_kill/frame_0374.jpg,9,0.52897155,0.7069735,-0.46924937,0.6473491,0.7337354,1.5246779,-0.6398857,1.4565362,0.7593309,2.3253472,-0.6654813,0.7069735,0.33274046,2.1890628,-0.33274046,2.1805453
images/chris_kill/frame_0375.jpg,9,0.53025454,0.6953602,-0.46940538,0.669284,0.74757177,1.5645605,-0.64325917,1.4863323,0.7736499,2.3729165,-0.6693373,0.7301281,0.33901507,2.2859967,-0.3303222,2.2425363
images/chris_kill/frame_0376.jpg,9,0.53812903,0.7223354,-0.46001354,0.6614158,0.74643695,1.5578078,-0.6336032,1.4881853,0.78115517,2.375875,-0.6336032,0.739741,0.34718028,2.2801435,-0.3211416,2.2279265
images/chris_kill/frame_0377.jpg,9,0.52422094,0.6846944,-0.47348994,0.6170703,0.7356,1.5130904,-0.6256829,1.4454664,0.7609659,2.3076742,-0.5749519,0.7185067,0.35511723,2.2231436,-0.2959311,2.2146912
images/chris_kill/frame_0378.jpg,9,0.53159595,0.67473966,-0.464091,0.5819632,0.7425465,1.5181648,-0.5906617,1.3916508,0.7762985,2.3109837,-0.51471925,0.71691114,0.34595954,2.1760356,-0.30376872,2.1676018
images/chris_kill/frame_0379.jpg,9,0.53287005,0.6670033,-0.46626064,0.62531567,0.7410219,1.5007578,-0.55784786,1.3590196,0.7743268,2.2844868,-0.3913263,0.74204123,0.35802224,2.1594236,-0.2914124,2.1510863
images/chris_kill/frame_0380.jpg,9,0.5202562,0.65020174,-0.47961167,0.6339469,0.72348124,1.4629548,-0.5121275,1.3247867,0.7478679,2.2188146,-0.3089025,0.71522206,0.3495471,2.137539,-0.2682575,2.088774
images/chris_kill/frame_0381.jpg,9,0.5284376,0.6505841,-0.47152928,0.6424518,0.7316831,1.4638141,-0.49591884,1.3336973,0.75607264,2.2282507,-0.21137546,0.7237748,0.34958175,2.106266,-0.26828423,2.0818694
images/chris_kill/frame_0382.jpg,9,0.52843755,0.6520815,-0.47152928,0.6439304,0.73168254,1.4671836,-0.47965902,1.3286164,0.7560722,2.2333803,-0.16259626,0.806951,0.34145162,2.0948122,-0.2764136,2.0866613
images/chris_kill/frame_0383.jpg,9,0.54538,0.66226774,-0.45448297,0.64571106,0.7767528,1.4901024,-0.46274647,1.341092,0.7850159,2.2765458,-0.07436964,0.8692262,0.37184986,2.1358137,-0.24789977,2.1192567
images/chris_kill/frame_0384.jpg,9,0.54096526,0.6581595,-0.45900095,0.64993244,0.7540736,1.472632,-0.45080444,1.283411,0.7786626,2.2624238,-0.024589425,0.9543313,0.36884013,2.1472456,-0.2540899,2.1307912
images/chris_kill/frame_0385.jpg,9,0.5655115,0.6753642,-0.43198767,0.60468656,0.7304523,1.4292594,-0.38486192,1.2015204,0.75401497,2.143889,0.15708654,0.8795443,0.3534446,2.0260928,-0.2356296,2.0182397
images/chris_kill/frame_0386.jpg,9,0.57965654,0.6646886,-0.4173521,0.58739907,0.7265027,1.4143955,-0.35552183,1.1516117,0.7419598,2.1177287,0.17003258,0.896557,0.35552302,1.9786075,-0.2164046,1.9786075
images/chris_kill/frame_0387.jpg,9,0.5573019,0.64942396,-0.442563,0.63298285,0.77858335,1.4879208,-0.32782415,1.2330834,0.78677917,2.2524323,0.28684694,0.9453638,0.37699842,2.1044621,-0.23767224,2.1044621
images/chris_kill/frame_0388.jpg,9,0.5535481,0.65390265,-0.4461436,0.6290708,0.76835847,1.4816277,-0.3304763,1.2415876,0.7931441,2.2596889,0.280905,0.960161,0.37178618,2.1189756,-0.23133369,2.1189756
images/chris_kill/frame_0389.jpg,9,0.5618099,0.66297823,-0.437881,0.6381165,0.7766196,1.4999883,-0.31395215,1.2513713,0.79314363,2.2707002,0.23133373,1.0193292,0.3800478,2.1215303,-0.2313333,2.1215303
images/chris_kill/frame_0390.jpg,9,0.5618102,0.6540368,-0.4378814,0.6291999,0.77661973,1.4902104,-0.33047643,1.2335632,0.784882,2.2518735,0.27264363,0.97691584,0.3635244,2.102852,-0.23959522,2.102852
images/chris_kill/frame_0391.jpg,9,0.5702761,0.6744672,-0.42770708,0.6109879,0.736607,1.4441534,-0.34058088,1.2061058,0.7524475,2.1741648,0.24553567,0.9125145,0.35642254,2.0392714,-0.2296944,2.0392714
images/chris_kill/frame_0392.jpg,9,0.573358,0.66934764,-0.42412743,0.59847564,0.7304423,1.4253169,-0.369148,1.196951,0.74615085,2.1497874,0.15708466,0.90558815,0.3534402,2.015918,-0.22777191,2.0080435
images/chris_kill/frame_0393.jpg,9,0.5357211,0.68091786,-0.4626677,0.62417483,0.73864555,1.4591099,-0.43019974,1.2483497,0.76299685,2.2129831,0.056819238,0.9241029,0.34903046,2.0913901,-0.25974286,2.0832841
images/chris_kill/frame_0394.jpg,9,0.53141344,0.6756351,-0.46700034,0.6193321,0.7246549,1.4477891,-0.46700034,1.2788805,0.7407588,2.203857,-0.008051949,0.89280343,0.3381724,2.067121,-0.26570734,2.0590782
images/chris_kill/frame_0395.jpg,9,0.5158605,0.66098297,-0.4836195,0.6287399,0.7173693,1.4509383,-0.5078006,1.3058447,0.74154997,2.2086508,-0.11284453,0.8383198,0.34659395,2.1361036,-0.27405116,2.0796783
images/chris_kill/frame_0396.jpg,9,0.52885324,0.66128016,-0.47101012,0.6447481,0.7354369,1.4796144,-0.5536436,1.3390919,0.7602273,2.248352,-0.20658329,0.85139835,0.3553235,2.1243622,-0.26442683,2.10783
images/chris_kill/frame_0397.jpg,9,0.5201704,0.65818864,-0.47953248,0.63381106,0.72336286,1.462641,-0.5445541,1.3245028,0.7477454,2.2264645,-0.28446874,0.81257844,0.34136206,2.0883262,-0.28446874,2.0802004
images/chris_kill/frame_0398.jpg,9,0.5205011,0.6621084,-0.47919062,0.6372795,0.72704893,1.4814677,-0.59485763,1.3490459,0.75183463,2.2594457,-0.36352405,0.80280656,0.3387388,2.1270237,-0.2809049,2.1187472
images/chris_kill/frame_0399.jpg,9,0.5205478,0.67233455,-0.478569,0.6303136,0.73044646,1.5127525,-0.62969565,1.3782855,0.7556342,2.3027458,-0.478569,0.81520563,0.33583766,2.1766832,-0.293858,2.159875
images/chris_kill/frame_0400.jpg,9,0.52351546,0.6863255,-0.47202176,0.59195596,0.74665314,1.5442327,-0.66083074,1.4069676,0.7723996,2.3506656,-0.55784416,0.7378,0.33470652,2.2134001,-0.30895966,2.2048209
images/chris_kill/frame_0401.jpg,9,0.5088966,0.6636221,-0.48466405,0.5503206,0.6946847,1.4486386,-0.6300632,1.3515228,0.7189176,2.2093763,-0.5977522,0.6879009,0.30695355,2.0798888,-0.30695397,2.071796
images/chris_kill/frame_0402.jpg,9,0.53320825,0.6859759,-0.4654999,0.63516307,0.73633546,1.5243912,-0.6516997,1.4397029,0.7701899,2.3119934,-0.6516997,0.6944448,0.33008105,2.1849606,-0.31315452,2.1764917
images/chris_kill/frame_0403.jpg,9,0.5302544,0.6956477,-0.46940526,0.6695608,0.7475719,1.5652075,-0.6780302,1.4869472,0.78234226,2.3825934,-0.7041081,0.73912567,0.3477078,2.3043334,-0.3303224,2.2956378
images/chris_kill/frame_0404.jpg,9,0.5368871,0.69625133,-0.46138734,0.6375313,0.72144157,1.501554,-0.6207754,1.4428338,0.7549972,2.281691,-0.6878868,0.7130283,0.33555445,2.2061934,-0.3103877,2.197805
images/chris_kill/frame_0405.jpg,9,0.54141647,0.70372057,-0.45682076,0.6443705,0.73598826,1.5091834,-0.6260139,1.449834,0.7613673,2.29769,-0.6852313,0.73763466,0.3299257,2.2213824,-0.31300715,2.2044253
images/chris_kill/frame_0406.jpg,9,0.5409889,0.6915924,-0.4577606,0.64159757,0.72409326,1.4915062,-0.6075729,1.4331794,0.7573844,2.274756,-0.6908021,0.71658975,0.33291623,2.1914313,-0.30794784,2.1414366
images/chris_kill/frame_0407.jpg,9,0.5207128,0.67359054,-0.4787199,0.639911,0.73067766,1.5071589,-0.6298946,1.4397997,0.7642721,2.2902079,-0.68028635,0.72411,0.33594355,2.214429,-0.30234948,2.1639094
images/chris_kill/frame_0408.jpg,9,0.52822065,0.6955981,-0.46952927,0.6285524,0.7378314,1.5001458,-0.612065,1.4330999,0.7629849,2.2795503,-0.6372185,0.72074026,0.34376204,2.195744,-0.30184048,2.137079
images/chris_kill/frame_0409.jpg,9,0.53312373,0.6723351,-0.46042508,0.5589294,0.71890974,1.4499758,-0.58158964,1.3689717,0.74314207,2.2033153,-0.5492789,0.7047367,0.33118334,2.1385124,-0.2907946,2.1304119
images/chris_kill/frame_0410.jpg,9,0.5414239,0.6756177,-0.45682713,0.6165012,0.7529179,1.511695,-0.6006426,1.4187975,0.7782973,2.305546,-0.48220614,0.8529675,0.35530943,2.2210937,-0.29609162,2.170422
images/chris_kill/frame_0411.jpg,9,0.52876306,0.66036594,-0.4709302,0.63560224,0.7353115,1.4858234,-0.57007337,1.3537501,0.7600975,2.2617528,-0.3883109,0.80069345,0.34700063,2.1214252,-0.26438215,2.1131706
images/chris_kill/frame_0412.jpg,9,0.52412516,0.64585054,-0.47574446,0.62970436,0.72571194,1.4531639,-0.52412516,1.34014,0.7499021,2.212038,-0.29834777,0.77502066,0.3467289,2.0747948,-0.27415764,2.0667217
images/chris_kill/frame_0413.jpg,9,0.54464287,0.6524384,-0.45522404,0.6361276,0.7478678,1.4598311,-0.4958692,1.3619659,0.76412576,2.2346022,-0.20322496,0.84001476,0.35767582,2.0959592,-0.2763859,2.0878036
images/chris_kill/frame_0414.jpg,9,0.5483156,0.63727105,-0.45155433,0.6211379,0.74183846,1.443944,-0.47574475,1.3148763,0.7499023,2.2102826,-0.120952055,0.8308728,0.3467288,2.0812151,-0.26609454,2.065082
images/chris_kill/frame_0415.jpg,9,0.5606789,0.658651,-0.43879196,0.62612504,0.7556978,1.463669,-0.43879196,1.3091705,0.7800749,2.2280295,-0.040628977,0.8619386,0.36566037,2.1467144,-0.26002496,2.097926
images/chris_kill/frame_0416.jpg,9,0.56509984,0.6712884,-0.43406206,0.6303562,0.77803534,1.4735602,-0.41768244,1.285272,0.78622514,2.2430859,0.0,0.9250682,0.36854273,2.1612215,-0.2620756,2.112103
images/chris_kill/frame_0417.jpg,9,0.5748191,0.6800105,-0.42313075,0.6160093,0.758442,1.448022,-0.3752295,1.2320186,0.7664257,2.1920335,0.06386874,0.912014,0.36724576,2.0560315,-0.23950829,2.0480316
images/chris_kill/frame_0418.jpg,9,0.5847967,0.66263396,-0.41325668,0.60026854,0.73294586,1.4110209,-0.35087836,1.1849457,0.74854004,2.1360204,0.14814836,0.88870925,0.36647254,2.0112894,-0.23391877,2.0034938
images/chris_kill/frame_0419.jpg,9,0.5904788,0.6766727,-0.40695122,0.60502493,0.7580472,1.4488755,-0.33513656,1.2100497,0.76602614,2.189235,0.2633215,0.8916157,0.36705464,2.045939,-0.23938315,2.0379784
images/chris_kill/frame_0420.jpg,9,0.5816542,0.6639542,-0.41780812,0.6311666,0.77826965,1.4836513,-0.32769263,1.2459393,0.78646207,2.254166,0.24576916,0.9426511,0.38503838,2.1066208,-0.23757714,2.0984232
images/chris_kill/frame_0421.jpg,9,0.56842846,0.67472595,-0.43038136,0.6259505,0.7633178,1.47139,-0.3410569,1.2437717,0.77955914,2.2355375,0.2760942,0.9023443,0.37353867,2.0973406,-0.24361202,2.0892115
images/chris_kill/frame_0422.jpg,9,0.5815223,0.6686305,-0.41649565,0.6057006,0.7386904,1.4316561,-0.3536281,1.2192674,0.762266,2.1632166,0.18074332,0.88888514,0.36148703,2.0294905,-0.24361047,2.021624
images/chris_kill/frame_0423.jpg,9,0.5781952,0.6748662,-0.4197855,0.61134934,0.75244546,1.437068,-0.3801832,1.2306386,0.7682864,2.1833909,0.16633019,0.84953743,0.3801832,2.0563571,-0.23761438,2.048418
images/chris_kill/frame_0424.jpg,9,0.54810184,0.6532208,-0.45137778,0.6209633,0.75767,1.4596664,-0.42719704,1.2499906,0.7657304,2.209661,0.008060376,0.903219,0.37077484,2.1370807,-0.2579304,2.1128871
images/chris_kill/frame_0425.jpg,9,0.5593577,0.6702638,-0.4394956,0.6223879,0.74314696,1.444259,-0.44748622,1.2926515,0.75113803,2.1943164,-0.06392678,0.8378297,0.3595871,2.066647,-0.2557063,2.0506885
images/chris_kill/frame_0426.jpg,9,0.54699886,0.66604024,-0.45186892,0.618466,0.7293323,1.4351584,-0.4756512,1.2924353,0.73725945,2.188418,-0.14269528,0.8246214,0.34881103,2.0932698,-0.26160827,2.0456953
images/chris_kill/frame_0427.jpg,9,0.5403049,0.670643,-0.4596625,0.6625627,0.73384726,1.4624866,-0.4999837,1.349366,0.74997514,2.2220101,-0.20160648,0.7595233,0.346763,2.1412098,-0.27418473,2.0846488
images/chris_kill/frame_0428.jpg,9,0.53988534,0.6675934,-0.45930564,0.6273771,0.7252198,1.4477932,-0.5560012,1.359317,0.7413352,2.211907,-0.3464938,0.90084916,0.33843547,2.1234303,-0.2900879,2.0751708
images/chris_kill/frame_0429.jpg,9,0.5440678,0.67430854,-0.4547434,0.6255634,0.7227175,1.4623559,-0.58467025,1.3729897,0.7470787,2.2260306,-0.40602097,0.8449168,0.34105775,2.144788,-0.29233533,2.1366644
images/chris_kill/frame_0430.jpg,9,0.54498535,0.6800431,-0.4527566,0.6128785,0.7545952,1.5112071,-0.6036755,1.4188557,0.7713636,2.3003926,-0.6791349,1.897404,0.36052874,2.2248328,-0.2934529,2.2248328
images/chris_kill/frame_0431.jpg,9,0.5341211,0.66507196,-0.46016577,0.55833197,0.7313351,1.4697269,-0.57520735,1.3876194,0.75598717,2.2497497,-0.5341211,0.7225474,0.34512424,2.1594312,-0.27938637,2.1430094
images/chris_kill/frame_0432.jpg,9,0.5101508,0.6573055,-0.48585728,0.56804186,0.7125915,1.452564,-0.5830292,1.3876449,0.73688465,2.215363,-0.5911265,0.6978797,0.3320031,2.142329,-0.2834165,2.134214
images/chris_kill/frame_0433.jpg,9,0.532868,0.68464124,-0.46626025,0.6428947,0.7410199,1.5112201,-0.6078035,1.444426,0.7743242,2.296053,-0.6244557,0.72638756,0.35802084,2.2209094,-0.28308657,2.2042108
images/chris_kill/frame_0434.jpg,9,0.54573745,0.6880619,-0.45338207,0.646107,0.75563675,1.5187707,-0.59611326,1.4432517,0.7808244,2.307525,-0.6380933,0.72162586,0.36102626,2.2320058,-0.28546235,2.2152238
images/chris_kill/frame_0435.jpg,9,0.5267212,0.6637294,-0.46999758,0.582787,0.7293059,1.4731559,-0.58344513,1.392213,0.75361663,2.234017,-0.58344513,0.6961066,0.34844592,2.153074,-0.26741245,2.1045086
images/chris_kill/frame_0436.jpg,9,0.5374628,0.68343717,-0.45602873,0.5695311,0.73290366,1.4726444,-0.5618927,1.4075551,0.757334,2.2374432,-0.5618927,0.71598184,0.3501652,2.164218,-0.27687448,2.1479454
images/chris_kill/frame_0437.jpg,9,0.56489044,0.69889635,-0.42999136,0.59785134,0.76723933,1.5240996,-0.5648909,1.4483155,0.792533,2.3072007,-0.48900992,0.79994196,0.3709724,2.239837,-0.27822983,2.2314165
images/chris_kill/frame_0438.jpg,9,0.5616772,0.6766865,-0.43777785,0.64367735,0.7599158,1.5019141,-0.528637,1.411139,0.7929557,2.2693756,-0.36343822,0.8252276,0.37169817,2.1951053,-0.24779879,2.153844
images/chris_kill/frame_0439.jpg,9,0.5597118,0.67351437,-0.43977377,0.6414422,0.75161284,1.4592811,-0.4877493,1.363065,0.7835968,2.212976,-0.3118395,0.7777489,0.36781043,2.1327953,-0.24787275,2.0846875
images/chris_kill/frame_0440.jpg,9,0.55983824,0.6654157,-0.4398725,0.6413645,0.75178236,1.4510869,-0.47986123,1.3628994,0.78377336,2.20469,-0.23993061,0.78567135,0.3598959,2.1245198,-0.24792835,2.076417
images/chris_kill/frame_0441.jpg,9,0.5645158,0.65182894,-0.43548414,0.65182894,0.7661286,1.4565561,-0.4596774,1.3680363,0.7903223,2.2129996,-0.17741948,0.79667985,0.37096766,2.1405737,-0.23387098,2.076196
images/chris_kill/frame_0442.jpg,9,0.5725057,0.66349345,-0.4273633,0.6473108,0.7740922,1.4726317,-0.44349018,1.3431696,0.7982825,2.233222,-0.11288861,0.8576869,0.37898263,2.1523077,-0.2419037,2.0956686
images/chris_kill/frame_0443.jpg,9,0.5817923,0.6713317,-0.41790614,0.646771,0.7866484,1.481842,-0.42610088,1.3508505,0.81123096,2.2514172,-0.02458215,0.8760061,0.40151832,2.1777341,-0.23763259,2.1286128
images/chris_kill/frame_0444.jpg,9,0.59341747,0.6668198,-0.4064503,0.6505562,0.7966422,1.4800147,-0.3983213,1.3255081,0.8129006,2.244418,0.056903042,0.8863827,0.41457888,2.130571,-0.21948317,2.1143067
images/chris_kill/frame_0445.jpg,9,0.5885365,0.6630443,-0.41116923,0.6387865,0.80621386,1.4635489,-0.36279616,1.277573,0.80621386,2.23171,0.08868362,0.93796515,0.41116923,2.1023352,-0.21767779,2.0942492
images/chris_kill/frame_0446.jpg,9,0.5982804,0.65466404,-0.40158567,0.6382973,0.8113664,1.472994,-0.34421623,1.2765949,0.81956226,2.2504072,0.21308602,0.93289614,0.40978113,2.1112912,-0.21308644,2.1112912
images/chris_kill/frame_0447.jpg,9,0.61473334,0.6810196,-0.3832104,0.61692375,0.8063387,1.4501711,-0.2874079,1.2258352,0.8063387,2.2032988,0.27144095,0.9293919,0.4151443,2.0670943,-0.19958867,2.0670943
images/chris_kill/frame_0448.jpg,9,0.6321167,0.6487455,-0.3667831,0.6018484,0.7803907,1.4069182,-0.26533237,1.180248,0.7881949,2.1494582,0.32776445,0.8754156,0.41360715,2.0087667,-0.16388202,2.0165825
images/chris_kill/frame_0449.jpg,9,0.6152887,0.67255855,-0.38355678,0.62451863,0.7910855,1.4492037,-0.2716858,1.209004,0.7990767,2.2098355,0.35958442,0.8967449,0.4155195,2.0657158,-0.19177839,2.0657158
images/chris_kill/frame_0450.jpg,9,0.6232806,0.6640223,-0.37556663,0.6160207,0.7990781,1.4320481,-0.2636957,1.1920398,0.7990781,2.184073,0.35958531,0.8880297,0.43150213,2.056069,-0.17579752,2.056069
images/chris_kill/frame_0451.jpg,9,0.61856174,0.6497905,-0.380653,0.61016923,0.7850974,1.4263694,-0.26962894,1.1648684,0.7850974,2.1712513,0.31721103,0.9033677,0.40444443,2.044463,-0.19032629,2.044463
images/chris_kill/frame_0452.jpg,9,0.6211036,0.6607104,-0.3773795,0.6056512,0.7862072,1.4236736,-0.29875863,1.1877056,0.7940694,2.1551745,0.29875863,0.8809473,0.4088277,2.0214589,-0.1965518,2.0135934
images/chris_kill/frame_0453.jpg,9,0.60358745,0.68314946,-0.39434344,0.61885315,0.79673547,1.4547064,-0.35410452,1.2216319,0.79673547,2.2101896,0.16900468,0.9322981,0.4023916,2.0735595,-0.20924318,2.0655224
images/chris_kill/frame_0454.jpg,9,0.5933184,0.6524052,-0.40638223,0.6279401,0.8127649,1.4679116,-0.3901271,1.2477248,0.8127649,2.2344875,0.19506375,0.872592,0.4145098,2.0958514,-0.21131848,2.0958514
images/chris_kill/frame_0455.jpg,9,0.5772167,0.65277046,-0.42275,0.6446105,0.8048508,1.4687333,-0.42275,1.3055408,0.8048508,2.2438984,0.081297964,0.8812401,0.39836058,2.1133442,-0.22763497,2.1051846
images/chris_kill/frame_0456.jpg,9,0.5771597,0.6578139,-0.42270842,0.6415718,0.796643,1.4699303,-0.4552244,1.3156282,0.796643,2.233319,-0.05690331,0.86084324,0.3983211,2.143987,-0.2276124,2.09526
images/chris_kill/frame_0457.jpg,9,0.5934171,0.6598938,-0.40645012,0.64359987,0.79664236,1.4664303,-0.4877403,1.3279345,0.79664236,2.2403793,-0.12193508,0.86356455,0.39832097,2.1100302,-0.22761229,2.0937366
images/chris_kill/frame_0458.jpg,9,0.57377046,0.65705055,-0.42622954,0.65705055,0.7868852,1.4783635,-0.54098374,1.3880187,0.8032788,2.2503974,-0.22131135,0.84595245,0.3934428,2.1189876,-0.23770492,2.1107743
images/chris_kill/frame_0459.jpg,9,0.56549734,0.65683067,-0.43436784,0.64041,0.7785837,1.4778697,-0.5900843,1.3957659,0.7867788,2.249646,-0.31962934,0.85388,0.38519388,2.1593318,-0.23767292,2.11828
images/chris_kill/frame_0460.jpg,9,0.57134837,0.67152655,-0.42851064,0.6547383,0.7982071,1.5109346,-0.6049565,1.4353878,0.8066093,2.2999785,-0.4033042,0.87298447,0.3949025,2.2160375,-0.24366261,2.1740677
images/chris_kill/frame_0461.jpg,9,0.5672604,0.69619644,-0.42974317,0.61884123,0.78213197,1.5299132,-0.65320945,1.4353681,0.80791694,2.3550348,-0.4813122,0.83371675,0.37817374,2.2518947,-0.2578459,2.2347043
images/chris_kill/frame_0462.jpg,9,0.54661155,0.64331424,-0.45015,0.5629,0.7475716,1.431374,-0.59484106,1.3590008,0.76364833,2.1872675,-0.5305339,0.715687,0.3778055,2.1229362,-0.24115138,2.1068537
images/chris_kill/frame_0463.jpg,9,0.5759415,0.6764864,-0.4234863,0.64266163,0.7961542,1.5051814,-0.60135067,1.4375331,0.80462426,2.3085084,-0.5928811,0.7018544,0.39807755,2.223948,-0.24562237,2.2070355
images/chris_kill/frame_0464.jpg,9,0.5760835,0.6804088,-0.42359096,0.65489376,0.7963514,1.5139098,-0.60149896,1.4628794,0.8217669,2.3048859,-0.609971,0.71442926,0.38970438,2.2368448,-0.2541545,2.2283394
images/chris_kill/frame_0465.jpg,9,0.5687744,0.69086874,-0.43088993,0.6649609,0.7928363,1.5371826,-0.62048095,1.4767315,0.82730764,2.3662248,-0.6290988,0.72541195,0.38780078,2.2194154,-0.26715153,2.2194154
images/chris_kill/frame_0466.jpg,9,0.5674684,0.6885195,-0.43195334,0.6545183,0.7876798,1.5215431,-0.6013472,1.4620414,0.82155895,2.3120654,-0.6013472,0.73952097,0.3896052,2.2270627,-0.25409055,2.1845615
images/chris_kill/frame_0467.jpg,9,0.543945,0.6608781,-0.45328736,0.58652943,0.7664679,1.4787154,-0.5686696,1.4208883,0.79119253,2.255247,-0.53570306,0.726966,0.37087166,2.1726372,-0.26373097,2.1643767
images/chris_kill/frame_0468.jpg,9,0.5656995,0.6674326,-0.43259373,0.6090323,0.78199595,1.4933804,-0.57401884,1.4099514,0.8152724,2.2776139,-0.44923195,0.800919,0.39099756,2.1941845,-0.24957374,2.1858418
images/chris_kill/frame_0469.jpg,9,0.57491994,0.659859,-0.4249405,0.6431538,0.79988885,1.4867715,-0.5332587,1.4199504,0.8248858,2.2719204,-0.39161184,0.82691205,0.39994442,2.1549833,-0.24163242,2.1549833
images/chris_kill/frame_0470.jpg,9,0.5528273,0.64208233,-0.4471397,0.65021,0.77233195,1.4467171,-0.47965878,1.3735685,0.8048514,2.2188418,-0.2845432,0.7233587,0.39836073,2.1050549,-0.22763464,2.096927
images/chris_kill/frame_0471.jpg,9,0.5599819,0.63369983,-0.43998593,0.6417215,0.7599755,1.4358519,-0.4639848,1.3235506,0.7919745,2.189875,-0.22399284,0.77006567,0.39198738,2.0695522,-0.22399284,2.0615304
images/chris_kill/frame_0472.jpg,9,0.56435007,0.6385085,-0.43535593,0.66275567,0.7820276,1.4548299,-0.4434179,1.3255118,0.79815197,2.2145743,-0.1531809,0.85673314,0.38698283,2.1337497,-0.24186473,2.0933383
images/chris_kill/frame_0473.jpg,9,0.56097573,0.64985,-0.4390243,0.64985,0.7886186,1.4621631,-0.4390243,1.3240696,0.79674816,2.23386,-0.08130039,0.8691746,0.38211375,2.160752,-0.24390201,2.1201363
images/chris_kill/frame_0474.jpg,9,0.5737516,0.6470336,-0.4262148,0.6388431,0.79505557,1.4660636,-0.40982217,1.3104479,0.8114478,2.2359521,-0.016392654,0.8845521,0.40982217,2.113097,-0.2131074,2.1049063
images/chris_kill/frame_0475.jpg,9,0.58047503,0.6455844,-0.41923186,0.62137514,0.7900916,1.4364253,-0.36279714,1.2346803,0.80621547,2.1949873,0.112870224,0.8553994,0.4111701,2.0739403,-0.20155355,2.0739403
images/chris_kill/frame_0476.jpg,9,0.60224205,0.66698825,-0.39621198,0.6114059,0.7844991,1.4213201,-0.3169696,1.2069312,0.7924236,2.1677115,0.2377268,0.8337354,0.41206014,2.0406663,-0.17433295,2.0406663
images/chris_kill/frame_0477.jpg,9,0.6147475,0.6771899,-0.3832193,0.61345434,0.79837346,1.4340488,-0.28741425,1.1631731,0.8143409,2.1749744,0.27943054,0.8604295,0.42313787,2.05547,-0.16765809,2.0475028
images/chris_kill/frame_0478.jpg,9,0.6030043,0.63421416,-0.3967129,0.61043125,0.79342663,1.4111269,-0.27769902,1.1495134,0.8013607,2.1563284,0.32530484,0.84033364,0.4284505,2.0294855,-0.16661926,2.0374131
images/chris_kill/frame_0479.jpg,9,0.5999231,0.6401342,-0.39994884,0.62413085,0.7998977,1.4323002,-0.26396626,1.1602435,0.8238946,2.1684544,0.35995415,0.8481778,0.43194467,2.0564318,-0.1679788,2.0644333
images/chris_kill/frame_0480.jpg,9,0.5966964,0.6456254,-0.4031733,0.62948453,0.8063466,1.4526569,-0.29028484,1.1944069,0.830537,2.2031968,0.33866572,0.8554536,0.4354275,2.0821419,-0.16933267,2.0821419
images/chris_kill/frame_0481.jpg,9,0.5996928,0.6562385,-0.39979467,0.6242272,0.79159385,1.4405239,-0.31983575,1.2004367,0.815582,2.1687887,0.24787311,0.86431414,0.41578686,2.0487452,-0.17590965,2.0487452
images/chris_kill/frame_0482.jpg,9,0.58700514,0.6517293,-0.4124894,0.6199378,0.77738506,1.4385734,-0.35696235,1.2160318,0.80118257,2.1538863,0.15071784,0.85837555,0.41249022,2.0426157,-0.19037992,2.0505636
images/chris_kill/frame_0483.jpg,9,0.58062637,0.6386997,-0.41934094,0.63061476,0.7983613,1.4148409,-0.3870841,1.2450596,0.82255363,2.190982,0.04838546,0.9216678,0.41934133,2.0858793,-0.20160636,2.0858793
images/chris_kill/frame_0484.jpg,9,0.56449807,0.63867617,-0.43546933,0.6305917,0.79029685,1.4390426,-0.4274056,1.2854369,0.7983614,2.1989868,-0.032256972,0.85695827,0.40321317,2.0858035,-0.21773466,2.0777192
images/chris_kill/frame_0485.jpg,9,0.5564514,0.63764334,-0.44354865,0.63764334,0.7822576,1.4367156,-0.44354865,1.3075726,0.79032224,2.203502,-0.10483888,0.8475005,0.40322536,2.0743585,-0.217742,2.0662873
images/chris_kill/frame_0486.jpg,9,0.5483869,0.63605183,-0.45161313,0.63605183,0.7661296,1.4411803,-0.49193597,1.3204111,0.7822581,2.1980016,-0.20967767,0.84538496,0.37903208,2.077232,-0.22580656,2.0611296
images/chris_kill/frame_0487.jpg,9,0.54831517,0.63085747,-0.45155403,0.6470336,0.7660286,1.4396492,-0.4918716,1.3183303,0.7821554,2.1999137,-0.26609436,0.7845279,0.3870462,2.0705068,-0.22577722,2.0705068
images/chris_kill/frame_0488.jpg,9,0.5403224,0.63847995,-0.45967755,0.63847995,0.76612914,1.4386007,-0.5322583,1.3658627,0.77419376,2.1983113,-0.36290345,0.84053075,0.38709646,2.085163,-0.22580668,2.0770812
images/chris_kill/frame_0489.jpg,9,0.56270736,0.67179984,-0.4367283,0.63820976,0.7810719,1.5031524,-0.5627078,1.4275748,0.80626744,2.2925174,-0.4367283,0.88173765,0.38633636,2.1665547,-0.23516133,2.158157
images/chris_kill/frame_0490.jpg,9,0.548104,0.66370857,-0.44844854,0.58074504,0.75571895,1.4767514,-0.5896271,1.3688989,0.7889376,2.2649057,-0.4982765,0.7798576,0.37370685,2.1902382,-0.24913803,2.1404598
